login_hour,failed_attempts,new_device,ip_changed,geo_distance_km,session_duration
18,1,0,0,13.819317769592974,20.914676623092056
17,2,1,0,14.01463839754938,27.371285366551266
14,2,0,0,18.97667209518206,15.165562961318546
16,2,0,0,32.025329445642235,31.695708281851115
17,0,0,0,30.49128078277601,34.74253514037074
12,0,0,0,17.447112546314873,30.197352597846297
12,2,0,0,2.6592350069961412,31.898526467397264
19,0,0,0,22.29358448348011,29.27353021180878
15,0,0,0,18.572086838237585,39.950923169127094
6,1,0,0,6.821615627606727,25.116670028839565
12,0,0,0,2.214016343411867,28.91680989841414
8,0,0,0,21.25431828020236,6.6586177944025735
23,0,0,0,15.162252318387694,20.04862095075125
17,1,0,0,26.643737949443608,22.510420109664974
14,1,0,0,17.720773654120958,41.46491109624154
5,3,0,0,12.37957032352589,27.86633846696883
12,2,0,0,16.971679623925574,43.334410109662024
8,1,0,0,23.03690299387916,32.98750295702514
16,0,0,1,29.339930494934116,30.381657422690065
17,1,0,0,9.731000401858136,26.170865751659438
8,1,0,0,13.688297415103342,30.704917202960345
7,2,0,0,16.695546027993664,31.764969522597845
13,1,0,1,13.49572872262996,20.657796736478183
10,4,0,0,14.802790269000251,33.67119865567818
11,2,0,0,18.98836184884025,23.320980410979736
6,0,0,0,23.771593654437112,28.783525541091496
16,1,0,0,21.603956212668205,19.03477361524647
11,3,0,0,25.359569453702058,29.41465897488437
14,0,0,0,21.388202415143766,34.50185373560546
16,1,0,0,13.107204105395255,31.03910638390998
16,2,0,1,22.235382457701345,31.281018629864082
11,2,0,0,14.477467784142569,31.842581151499953
15,1,0,0,18.2138601559765,23.46594139490101
16,1,0,0,7.398258010107515,41.45588737086026
15,0,0,0,29.191093351428023,21.66323939861112
17,1,0,0,2.1337182437411855,22.384442195022395
11,0,0,0,26.508133061285193,23.97191287597753
10,3,0,0,9.411092747385313,36.971888276981446
14,0,0,0,23.01231784875616,22.94700760421001
9,1,0,0,21.279700993583816,20.517616586130817
16,1,0,0,5.1452140535284325,29.92778054394342
7,1,0,0,25.344176527886304,52.524205475665994
19,5,0,0,16.308597412226586,31.515859982388044
15,2,0,0,31.27064924687679,26.634370902819732
13,0,0,0,27.095546423654007,30.253791635165612
13,1,0,0,21.684209580148547,33.06474605345551
14,3,0,1,8.949155431899054,36.23135590066412
11,1,0,0,24.69475571568571,10.855218225437852
13,2,0,0,18.778236535367938,31.125071811217275
12,1,0,0,4.6672130530160665,20.884041743305026
18,1,0,0,7.962635351198577,22.06532501417574
14,1,0,0,31.183686350348992,33.918815553450884
17,2,0,0,23.253637183678162,32.88031651529078
18,0,0,0,17.741505138567337,9.330816926618802
20,1,0,0,39.574284388370884,28.917471327517035
12,1,0,0,25.45326041479066,26.402730095440976
19,1,0,0,8.555378650559573,29.716769606591537
10,1,1,0,38.33069848449624,20.846391285351274
15,2,0,0,22.01340944142615,32.343864797206315
15,1,0,0,22.695927357748833,31.170216751444322
12,0,0,1,13.095631784670532,30.493902866066925
15,1,0,0,10.890862133139056,32.36115530055122
18,0,0,0,11.659300129215906,32.79809026441286
17,1,0,0,25.408625221952036,25.945190635388176
15,0,0,0,15.65027777540789,31.58874301524601
15,0,0,0,26.417944653904467,33.18757914989295
16,5,0,0,20.842646934472572,26.2464769549552
14,0,0,0,23.286813890009554,22.37235642230009
7,0,0,0,26.768833252916014,29.32980475333894
13,2,0,0,11.691801807908966,34.62062537873251
11,0,0,0,24.890277452580513,33.78243539387951
10,1,0,0,28.211671756668647,41.930933883827734
10,0,0,0,29.812410358698713,38.05902519256389
11,0,0,0,17.42154096467919,35.42250384507971
16,4,0,0,12.868742463701388,31.30080876239147
5,1,1,0,29.33712940360099,42.57826765973189
20,0,1,0,23.77073391031107,39.769633514805925
8,0,0,0,13.587117091870407,36.72903389732865
13,2,0,0,10.737858468415473,26.050085155874616
14,0,0,0,30.65055902187479,38.63524406349909
9,1,0,0,3.4886341605910722,31.927256659875752
12,2,0,0,32.721042909236985,39.43126564135232
15,3,0,0,19.746970854096563,32.000455437972754
13,0,0,0,25.275487790887816,28.16272225816517
16,2,0,0,28.55937656088613,28.836939025987636
6,3,0,0,5.37513653805107,33.472538753565004
15,2,0,0,24.025594772773264,29.395539230395066
12,5,0,0,33.72904268048299,21.45580762389431
10,3,0,0,41.839859334758195,39.06273921310341
10,0,0,0,14.69185760546185,32.59683612486557
7,4,0,1,15.42604791298049,28.705900276835308
16,2,0,0,18.955616652094292,28.579009653327226
14,0,0,0,33.129932437506355,29.523141964311865
15,2,0,0,10.670259749106982,21.034481806654814
15,3,0,0,40.81997949817779,26.98432209162085
13,1,0,0,18.741524049588122,38.73530348742479
16,2,0,0,16.807816362624923,25.659624569362315
14,1,0,0,13.275091248498875,28.16374524161375
10,0,0,0,16.25208634914681,29.27703716506752
11,0,0,0,28.802946021457934,24.474531070332393
16,1,0,0,14.704151218781002,39.546863297189105
11,0,0,0,19.509961376788794,36.168295561625634
15,2,0,0,4.412373187531873,30.42409968609732
18,0,0,0,13.02965721870942,21.23737005266837
7,1,1,0,31.070387925681505,44.42025732202249
12,2,0,0,16.734708091556342,41.06093505017414
20,2,0,0,13.767953547861408,37.09025897783881
21,0,0,0,8.622275289197214,29.80925257260116
17,1,0,0,26.185110110067768,36.063513772711985
14,1,0,0,29.02943742144707,26.135285849656114
11,4,0,0,19.236793264023866,24.916344496087582
17,1,0,0,22.059318477517046,40.00811151951283
17,0,0,0,20.138682390367723,16.252249379710115
10,0,0,0,33.645123731597764,28.40158119483719
11,0,0,1,24.59407560106107,35.23153907854316
16,1,0,0,10.115360114418298,26.27970162732107
7,0,0,0,17.036304989576415,34.87902990288893
12,1,0,0,3.3437535375240337,21.16427519616969
14,2,0,0,8.467338096071291,26.430804558006514
14,0,0,0,10.436947936826487,29.711523942779205
15,1,0,0,11.208904823279639,27.693813844350746
8,1,0,1,21.470954033594285,16.958441151849186
17,1,0,0,11.383242446862097,20.92548072541088
12,1,0,0,25.212417360017433,24.025524845383025
14,0,0,0,1.1756727086170002,32.80001437084094
13,2,0,0,14.580113161525833,29.22462342493089
17,0,0,1,34.807811527067706,31.557456841948397
21,1,0,0,25.752843286772574,32.96723297962536
13,3,0,0,19.575342687792492,29.750255735001453
18,2,0,0,19.497759163386693,31.514488769705256
18,2,0,1,16.107819137633214,19.47615427518076
8,2,0,0,25.145541460761294,35.235905144236625
16,2,0,0,28.231571013742695,30.950489486251108
17,3,0,0,10.238270934766254,17.024942187917496
14,0,0,0,6.117657789874404,28.205054797728486
9,2,0,0,14.944226363036986,41.191266034730496
13,0,0,0,39.38785353557117,32.779564116546545
12,0,0,0,32.08513307954371,20.009542417661294
15,3,0,0,8.04223182385055,36.67997896367961
17,1,0,0,21.620503652960497,14.360816321834777
9,1,0,0,35.66111732192327,24.757847079642772
10,1,1,0,13.248474841775721,18.139674216915125
9,3,0,0,23.196089608351528,27.775640706848744
6,1,1,0,20.170905610398695,31.249573215644602
21,0,0,0,10.924017352873143,19.613311936703212
9,2,0,0,17.07609648570724,18.665187870009206
14,1,0,0,33.331846049920316,40.32942669098088
17,1,0,0,23.249414604571317,34.27583391536088
13,1,0,0,23.1850314833191,27.291593772673224
17,0,0,0,25.59239449935203,20.499720407412305
15,0,0,0,29.869121605263125,22.389480406138865
11,3,0,0,9.007310926009403,20.22817392993581
19,0,0,0,7.902008953941861,29.704631523724537
10,1,0,0,39.14796173413819,22.043771679989796
13,3,0,0,29.826336210641163,45.801334688438516
11,2,0,0,23.44549121460967,44.04805521382897
20,0,0,0,16.132736702904804,25.667056064670195
16,1,0,0,3.5883296892412595,21.509058981419976
16,1,0,0,24.27417685162544,36.3110740514743
16,0,0,0,26.400141262226434,24.353301616263405
14,0,0,0,17.717464450075354,29.712658070216303
16,2,0,0,14.178015723204178,27.394147083656623
5,1,0,0,9.5282180288344,20.790125236963412
19,2,0,0,25.059887978518873,39.93585579282905
13,2,0,0,-6.954753062643711,28.22179650419324
8,3,0,0,31.07455054337144,21.038545754543165
16,1,0,0,3.0151752174961786,29.040787097233736
9,0,0,0,25.43154457990493,40.64496716859861
14,3,1,0,26.501508734661297,13.956202609747194
13,0,0,0,24.339565263165063,44.01996815207171
14,1,0,0,15.452874612529282,28.46812844870348
12,0,0,0,16.86021544284314,41.01131033379364
13,1,0,0,8.965507051890542,19.915284194487366
14,1,0,0,16.390366667332838,37.82857734683184
17,0,0,0,16.004457979325117,37.88333825794018
12,0,0,0,15.815626769521266,41.48966033955808
18,2,0,0,10.21309890250587,37.14099498197416
11,1,0,0,17.203093919699203,41.52980404567195
22,0,0,0,29.056912138219523,26.69951442224488
7,1,0,0,11.509656688975209,15.287330834616055
12,2,0,0,13.335422518887821,29.307891311962262
18,3,0,0,7.74605163965979,34.473420922515864
12,0,0,0,15.530109421113288,20.103869268389694
12,2,0,0,17.768177467625026,29.486021919076954
11,1,0,0,21.896388714567035,29.497351142915203
15,1,0,0,3.5327168136662728,35.2682563531664
16,3,0,0,32.35693947254336,43.93489124743746
13,4,0,0,39.961189697973445,26.103493515534403
13,0,0,0,26.55506516062794,35.677777731649286
13,0,0,0,14.526331453666813,35.82737954142121
13,0,0,0,34.47419387865172,38.409418386260846
14,2,0,0,30.930379969819345,28.97376331529489
7,1,0,1,22.81209024422898,28.322457881570706
9,2,0,0,-4.47733091877009,30.561896083121514
11,2,0,0,27.710645694058215,29.668463494101747
0,2,0,0,18.309803347865135,21.390056349684205
12,2,0,0,18.435363252952243,27.337080037633363
11,0,0,1,39.283541429923666,35.05693748717731
13,1,0,0,12.018398043094034,35.61551086083621
14,3,0,0,25.825191060900483,35.68555762162105
9,1,0,0,13.301771917992516,27.86073752466391
7,1,0,0,31.864606206493846,19.149496366718058
15,0,0,0,25.857539586826462,28.576717942942008
11,0,1,0,18.598467410560048,32.966788048316026
13,1,1,0,-1.4807892592525427,28.04711592328682
16,2,0,0,20.529936550358617,36.038032761068784
23,2,0,0,28.554695509566802,30.665378532706715
9,1,0,0,6.583100512411978,32.92411809169733
14,2,0,1,30.23622119452888,39.53095937398506
18,1,1,0,19.338789259633327,21.15735466659122
16,2,0,1,17.97628615971669,32.87460988640262
10,0,0,0,10.085991774067619,27.559674118889834
12,0,0,0,28.172335013682925,23.611725703559138
10,2,0,0,12.382922723575895,37.23812937427388
15,0,0,0,11.754407092001864,24.438251029200888
13,1,0,0,22.54401222747261,28.818579579336973
14,0,0,0,11.11611259743557,19.730179449142746
11,0,0,0,39.4765483982205,38.68762341820114
11,0,0,0,12.377061126860584,21.483333076514775
8,2,0,0,43.91690706129626,25.23399296166387
13,0,0,0,58.20781193311299,25.68183051206855
9,0,0,0,14.005863856699497,37.28820993913239
7,3,0,0,37.93868319192215,12.34529083535762
14,2,0,0,17.97088925750687,17.53027768234823
21,1,0,0,9.285352573434498,25.645622698101782
17,0,0,0,13.812128946178271,33.14506515630498
15,0,0,1,35.81174580154771,31.830971021334264
16,1,0,0,7.8234483620971105,39.42679158795397
8,4,0,0,4.9046546733791825,45.39098938969429
12,2,1,0,19.806566114262814,14.951452152248248
15,1,0,0,30.98563709867563,35.3781210221059
14,1,0,0,24.8888504245245,36.92892989362899
19,0,0,0,16.071771586164484,37.55588152922027
14,0,0,0,20.68451087715083,21.726837415951373
17,1,0,0,19.575389392713134,13.582889311609328
15,2,0,0,21.878163487261073,15.550102033425564
16,1,0,0,32.420150014721706,23.768418856188678
11,2,0,0,19.276811314021273,6.591586171446142
12,1,0,0,15.501702431891797,30.972338991883312
17,2,0,0,23.621471333252156,14.644881575031546
12,2,0,0,23.480509008159334,30.776863957372456
10,1,0,1,24.53134582081127,30.353882452146543
8,2,0,0,27.940912563566926,32.79238724766321
17,1,0,0,18.209232014040147,26.36429973005352
13,1,0,0,13.456903448064649,33.11235464427833
11,0,0,0,-4.759611738673144,45.44961658567181
8,0,1,0,9.938922415370088,32.16020756809281
6,2,0,0,24.1987986880283,20.91138485014425
14,0,0,1,19.81506524138117,32.26527234092054
8,0,0,0,17.16454555371669,41.73169366543243
16,0,0,0,3.2995895049446666,28.230848677014826
11,2,0,0,24.73370624655072,26.87707792875921
17,0,0,0,18.162188697486535,38.34607090790564
11,1,1,0,7.311237122186805,38.71367066242624
9,1,0,1,26.546982787438996,31.429975202379197
13,1,0,0,27.332152732307588,28.785154778865284
13,0,0,0,32.46016672225103,21.96821031030314
16,1,0,0,14.739628979643632,28.612198414920446
17,1,0,1,21.20536559632785,41.4115413074983
16,0,0,0,23.268480629436365,33.73387701898708
12,2,0,0,16.214587684531978,22.387536406810856
18,0,0,0,16.07479626487195,24.204368645332842
14,1,0,1,14.677641504886978,32.05361788283649
12,1,0,0,14.781451571634873,44.28186436702593
13,3,0,0,10.747735580437167,45.694352542015054
12,0,0,0,13.976766036384358,35.12299022253037
12,2,0,0,18.319504940272687,19.92536577772433
16,3,0,0,23.220856683210304,28.027869050697756
17,2,0,0,10.437333197039433,21.01985224510242
15,0,0,0,25.40625270231142,23.043243133334855
7,1,0,0,25.89532318060335,32.91144926704577
17,1,0,0,17.984820915575824,33.89572050656885
15,0,0,0,32.918348301684674,35.03384332740688
14,1,0,0,8.984395029211964,36.791464348020504
10,0,0,0,28.889223721982063,34.389715322183854
13,0,0,0,10.351036972386769,18.88325247112693
12,5,0,0,15.836690626952084,35.84100833377578
20,1,0,1,18.441030948261336,27.350131790735794
21,1,0,0,23.877407386647132,21.669154713209075
16,1,0,0,1.3831515623063524,31.61588000237093
13,1,0,0,7.447112160827407,41.13020985852781
17,1,0,0,19.48577744487204,32.973184396650076
21,0,0,0,10.541972947659982,19.229022834480766
11,0,0,0,11.354027596290573,30.615522971030792
16,0,0,0,32.24181063862969,26.872388865514928
15,1,0,0,7.284004321541142,37.326276149922776
14,0,0,0,24.991483983195934,31.336858902336022
13,1,1,0,28.094798322846586,27.882135594761866
16,0,0,0,15.049770531762181,41.878354015823305
16,0,0,0,29.803316871236454,34.330562710922784
15,1,0,0,14.5423723261473,27.46525402419826
7,1,0,0,21.183001301083582,24.01704926663856
11,1,0,0,33.08976573709544,29.805743674259958
14,3,0,1,5.046946918739636,24.0110354796815
13,1,0,0,14.649877622590267,30.744794550570695
17,3,0,0,28.957551596729324,35.55560523963252
5,1,0,0,35.52390268923161,27.060669996666174
6,0,0,0,9.026684993985727,27.328242890488873
10,2,0,0,24.126908083532086,22.388785302725413
12,0,0,0,13.995937016315429,22.724451469392392
7,0,0,0,19.231986577171657,23.999000208559284
18,0,0,0,28.052202358931595,31.150563726093022
13,1,0,0,34.378460369391156,26.569977602885324
14,1,0,0,1.7861614096973106,42.31779238028863
16,2,0,0,20.816696969921093,29.04323837828018
14,1,0,0,29.096112811836203,30.06234925735165
14,1,0,0,33.532906821757756,40.43087107763719
11,0,0,0,17.14051053282907,29.029004350106426
12,1,0,1,25.290102177886556,38.872263688375845
15,1,1,0,14.251184363375966,33.47146166825664
8,0,1,1,9.014008280404202,22.22480960181174
20,4,0,0,14.002474195982533,38.833203698841814
17,1,0,0,16.004089888941575,22.016151285963275
17,1,0,0,29.496277707156796,44.04147633033611
8,1,0,0,2.3618504577858133,27.94464143891602
6,0,0,0,8.152022984643718,24.56013430680253
16,2,0,0,17.795611962226413,23.5685515407391
17,0,0,0,18.32332582102213,33.479508307059525
3,2,0,0,23.44485476934707,23.439813878368
9,1,0,0,30.286480554098883,27.89540978746537
7,2,0,0,5.737368490021968,40.82016638603212
12,1,0,0,18.851031542705588,27.40421297317111
20,2,0,0,14.584833195592594,33.92432920636383
20,1,0,0,13.475047593941255,27.789453480953508
17,2,0,0,16.889479283945157,31.139133285371813
14,1,0,0,13.052406533985016,24.242797977931406
19,0,0,0,32.526216226587245,30.12704425091166
13,0,0,0,31.392983214245778,21.557998926563506
12,1,1,0,26.517177762845524,20.100332689260007
12,1,0,0,21.944127804740955,45.40072604304224
19,0,0,0,15.975820155423168,31.802647121110706
14,1,0,1,22.725101169024565,36.699892620869534
7,2,0,0,23.902975196786883,31.44463164929284
19,1,0,0,35.24535805851147,25.481471143745246
14,1,0,0,42.296809332356,24.765072583808454
18,0,0,0,17.596864604428507,28.07599426192784
15,0,0,1,15.990492937039551,42.59616814746168
13,0,0,0,-10.995911540982817,30.202560815670054
15,0,0,0,18.332035667256427,25.67576611983545
10,1,0,1,-0.7117100435968382,27.929235208177715
14,1,0,0,14.99739988618153,34.83904558251895
18,0,0,1,16.796374577130543,27.541922024305464
13,2,0,0,34.611806254802616,36.77704218038183
7,1,0,0,18.476408106835876,47.41296991592465
10,0,0,0,30.410777372190086,26.763836508164
5,2,0,0,11.991453929595991,39.90691973746474
19,0,0,0,19.930526058191468,25.02926830556334
18,1,0,0,3.732795897141415,22.080539822909458
9,1,0,0,17.982112299256936,37.92701199251789
13,1,0,0,27.232513391143122,27.237788564646007
10,0,0,0,44.36967750924785,24.08374505554421
11,1,0,0,31.145347930931557,31.849048530333633
22,0,0,0,-5.081715831693302,27.125645915435214
19,1,0,1,7.661963303018908,44.66424158008191
12,0,0,0,23.16294169785824,35.206485881000795
16,0,0,0,15.472265374259681,22.037675271600058
17,0,0,0,-0.42172071908883524,34.379980519042206
15,1,0,0,9.870178516176898,27.16703192158858
16,1,0,0,27.970840186401734,25.23151487838642
17,1,0,0,20.799442483755445,33.53549197281404
12,0,0,0,8.703891660376302,23.59747679980542
14,1,0,0,13.117695823149957,14.959353984590155
17,0,0,1,6.92615995592509,31.458421577407172
16,2,0,0,13.052932854633427,32.527874571553546
17,2,0,0,15.269001166402663,27.719729122434977
12,2,0,0,29.531540949056744,40.93093259241342
13,3,0,0,21.473087235795525,23.629012141024454
10,0,0,0,15.02724611139799,22.91085047497925
13,1,0,0,13.142284680948585,40.045516399175895
17,1,0,0,52.83229259237561,26.42197413467826
6,3,0,0,25.621153132494094,38.33407648367687
17,0,0,0,28.681250936025435,27.78293207312502
16,0,0,0,11.085395545197262,18.651876884138076
15,1,0,0,9.189855103434745,24.326809515307616
15,0,0,0,19.293639442054683,29.14399350720904
11,0,0,0,21.805802448433674,32.92669192620981
11,0,0,0,17.58689557775476,32.18766091725906
16,0,0,0,24.035217092830855,27.944333225424224
13,2,0,0,35.05077869667282,32.30331115817177
13,1,0,0,22.94093450727363,18.66360538241043
14,1,0,0,28.387972136184004,11.528917323165686
21,1,0,0,30.720156935522233,44.39439370067593
7,1,0,0,7.174804097723882,24.347450976595802
20,1,0,0,27.744624390310953,20.7910656456092
10,2,0,0,18.582483328873572,20.74185129999772
3,3,1,0,10.870743696372138,19.350936189719548
19,0,0,0,18.009628457675685,51.87152213524071
20,3,0,0,28.6592902076406,29.11390900810641
11,1,0,0,17.698162321947216,31.054052384279224
14,0,0,0,-4.9961424825405985,23.582047790190266
19,0,0,0,21.67872137101008,34.27157993348092
15,0,0,0,6.605459041504345,40.56808914899733
12,0,0,0,48.743993427414765,30.130689529368922
11,1,0,0,12.666748522785195,43.15609805850017
9,1,0,0,35.828765514778986,43.100194326351684
5,3,0,0,25.48896312883018,19.844337906849933
8,1,0,0,15.461955533344124,36.649868368828685
3,4,0,0,26.276565005418647,33.33271455024339
9,2,0,0,24.36684764308081,37.995509888544454
13,1,0,0,17.971541798015625,35.24666028661612
10,1,0,0,32.877909677194395,22.318859664941595
13,2,0,0,7.6512029029178485,23.30156097888757
17,0,0,0,19.738598053288314,19.574187546514416
11,1,0,0,14.610558332844485,46.317767638777596
11,0,0,0,31.060143847243936,24.165116689387332
15,1,1,0,36.118966568347304,34.42231980112592
12,0,0,0,16.225492811382836,24.192946815112233
15,0,0,1,24.781125906706762,35.017619053870824
6,1,0,0,19.830559421399613,34.47954508861702
18,2,0,0,17.23101684660404,39.7290807517349
17,0,1,1,29.98009759199102,38.19728440752971
20,1,0,0,23.578340132757898,20.577287360709093
14,0,0,0,25.374211114450457,34.963166438669305
17,0,0,0,16.263450082506644,30.184129602069255
18,0,0,0,15.29961018100025,27.285411948733984
10,2,0,0,31.22581279880161,32.12763805752298
16,3,0,0,31.671969430287035,22.979545716029122
15,1,0,0,20.619836198958243,25.27652799381328
13,0,0,0,7.6470604633723305,20.961983082303085
17,1,0,0,20.519635559044616,28.912647967126478
19,0,0,0,11.01780364215282,42.55968320231201
11,0,0,0,6.823665727421783,28.105977101835464
16,1,0,0,13.079946449727863,16.446577869247687
15,0,0,0,6.68358163973747,30.76094083999075
9,2,0,0,3.4956562098121324,32.32417550500445
17,1,0,0,31.60682938315609,33.758442739086576
9,1,0,1,19.36589492207909,36.7232988950934
14,0,0,0,14.57059762176079,33.11242732563481
10,0,0,0,19.328188920725143,34.58084988590771
17,2,0,0,22.800210706472626,38.32155072531843
18,1,0,0,7.129323423148508,18.754759549526906
20,1,0,0,30.323165628254948,37.26985329889273
18,1,0,0,30.550160247596587,26.230155200391515
16,1,0,0,35.32398443916516,32.48392276197385
7,2,0,0,9.872593872249647,30.130486281267114
14,1,0,1,8.451402662117623,23.55021238854966
18,0,0,0,37.558985311455565,31.59617739919463
20,0,0,1,17.23142573071506,28.49229059649207
1,1,0,0,57.40073742286398,42.03085748890449
14,0,0,0,33.192443335570005,36.359097340373694
13,1,0,0,16.355254986291772,33.98411239608763
18,0,0,0,22.374798354093805,35.899781826588196
11,1,0,0,31.74887254508772,30.970657982106243
6,1,0,0,18.64964936922514,18.41211332956872
8,1,0,0,6.991853621499553,35.545893890284056
17,1,0,0,3.9366437003351393,21.08041092191265
15,1,0,0,21.977571433354797,14.85467382004392
12,1,0,0,24.259445603851546,35.5725463789502
10,0,0,0,30.726301272184458,34.39650180041421
13,1,0,0,11.403183535344079,23.627248847017718
14,1,0,0,17.59725597874634,37.37760976087151
24,0,0,0,8.134813926510557,31.108233977062287
10,2,0,0,-0.24345945464109064,40.649147530431755
21,2,0,0,40.220706438067396,32.95917612419316
19,0,0,0,24.389229563911005,17.81094853778556
15,1,0,0,21.04580377772043,26.141699716039994
10,3,0,0,20.0851032856984,15.310801216885155
16,0,0,0,14.801531284166325,28.625681862140315
13,1,0,0,15.487778487333307,29.481138893233506
12,0,0,0,25.205816464014028,35.59686925183105
21,1,0,0,26.00315667270141,28.6344672098957
12,1,0,1,22.12817877993604,24.200610211007355
9,1,0,0,27.040549078636182,29.04502923291519
16,1,0,0,3.0628381943487923,27.727512159502265
9,0,0,0,31.192540723935174,22.891100712573337
16,0,1,0,30.835399415023808,48.17444636319769
17,2,0,0,29.06306546092609,44.896595421947474
5,0,0,0,13.22814999981651,33.88911296160087
17,1,0,0,24.348331491430287,15.460832171407072
15,0,0,0,48.355490629711966,37.23423017382788
20,1,0,0,23.07779489320467,39.77566583076874
17,1,1,0,16.65560942411955,26.806730924248637
12,1,0,0,31.705527710139812,16.01151682519668
12,0,0,1,17.18458396653546,22.34727040480808
23,1,0,0,12.53440967400412,26.542500160338165
18,1,0,1,20.55819093856739,39.77016303773901
11,0,0,0,16.601249322726385,17.686620753233186
13,0,0,0,-1.19781809034356,28.845942382271552
14,3,0,0,15.435746425663368,42.39769443187359
10,0,0,0,28.532554742721878,25.02079946225605
16,1,0,0,-1.3336530359041951,28.063242786896677
15,0,0,0,15.814452419142466,38.3196467519752
15,0,0,0,22.76603870556851,35.59701279968322
10,4,0,0,17.831631439284447,26.544366272128844
14,3,0,0,6.140172261103542,27.074054039133944
13,0,0,0,10.042043943993054,32.81110919291087
18,2,0,0,19.53450727988389,44.13650520727198
8,1,0,0,29.428178072539318,32.70246997826668
12,2,0,0,15.526418736965807,29.634387791892213
10,3,0,0,26.0021374923353,30.72652764727761
5,1,0,1,9.332370022187359,36.70283666806008
14,1,0,0,12.814731475526132,36.4806400078601
11,3,0,0,0.178062115716628,30.758491980500835
20,3,0,0,14.246579621701484,26.194933004349767
13,1,0,0,14.570627462840271,28.122180125691134
13,1,0,0,23.22861403115125,30.099179025788384
16,0,0,0,11.222207507853406,18.83949433034787
18,2,0,0,18.973953456262002,53.76120824539139
3,0,0,0,22.213954656419318,20.976606581682844
13,2,0,0,33.849920150195516,25.767990915877434
12,1,0,0,26.378336582898495,41.481966276115976
12,1,1,0,28.078719298859017,41.585602997980246
14,0,0,0,15.844717428186915,27.648665606037248
11,1,0,0,23.981723863875757,42.635891404485626
16,0,0,1,25.208010950110193,37.47030385613146
10,0,0,0,6.033488715769346,39.05587860155537
13,1,1,0,32.48816008162021,18.016712836971525
13,0,1,0,27.515941189686774,37.988841103934725
7,0,0,0,30.811246174006236,30.341610782558124
18,0,0,0,21.23986086897621,39.65937556638941
11,0,0,0,23.620620982635586,13.342472227287544
12,1,0,0,29.089447267946177,28.6986086459484
10,3,0,0,14.810861092603666,32.21861291422661
11,1,0,0,19.51513240376215,28.851486895323433
20,2,0,0,2.1341843581120266,34.29942429095734
13,0,0,0,19.970994162552152,46.32078222985602
14,3,0,0,24.588752719921253,30.76274005342469
8,1,0,0,22.73164330466094,27.630023559568848
14,3,0,0,26.2718568087929,30.666325329758333
9,3,0,0,23.69624875468959,42.17859187772885
16,0,0,0,16.068303453248745,18.172647370934683
14,0,0,0,28.86878297593768,14.685349084838652
12,1,0,0,16.662960256859556,35.26824755276593
11,1,0,0,20.60487198138642,17.358339752278276
15,1,0,0,21.468978784071552,29.000648638229347
5,1,0,0,32.34091905394078,34.828321644633846
10,4,0,0,4.986628331938194,43.29967139664104
12,1,0,0,1.1365016661245662,31.773462009969357
10,1,0,0,27.283389275538642,34.00562363342015
12,2,0,0,24.471898959079763,27.15651539570707
16,2,0,0,25.61175637134899,24.826834222055993
17,1,1,0,31.646411541153995,38.2512136732202
15,2,0,0,13.73334702447118,40.31138172646081
16,0,0,0,2.0965479589742415,45.613673069181296
18,1,0,0,18.364724646308645,30.62802045858484
11,1,0,0,16.84101308604601,40.936906546296555
13,0,0,0,23.353878960897234,26.67339800089481
13,1,0,0,33.21694611185049,33.00134793870035
10,1,0,1,27.75676529591204,16.460589035878154
18,0,0,0,24.74509214659134,28.28630502662049
10,0,0,1,37.283461593587546,17.953552297599785
14,0,0,0,25.508794906955153,36.330748287803765
14,1,0,0,10.342209487557879,31.243926648633728
5,1,0,1,12.159149458788022,30.95438400069238
13,0,0,0,15.185080507675575,28.206958162909064
10,1,0,0,39.0442401239662,24.366704391798855
10,0,0,0,9.230758011549574,20.910224425945817
15,1,0,0,16.21058665077517,14.89371707358287
15,0,0,0,24.78906716618434,37.109067199886454
16,1,1,0,6.906993620174823,29.048138896775185
6,2,0,0,14.947444876118679,34.9960949317888
11,2,0,0,28.545196314458455,40.89035250532174
14,1,0,0,17.41896045768989,25.79515934430888
15,0,0,0,19.447519902959833,21.843965589446462
13,0,0,0,29.075819450044378,39.139828475962744
8,0,0,0,18.203399932097334,21.235290716667887
12,1,0,0,21.54153087601971,35.736371518321874
16,2,0,0,18.902672366989194,27.190275037833683
15,0,0,0,19.251296691103228,22.631346967061
14,1,0,0,19.659349550451637,17.859351216098055
14,1,0,0,26.9117004850793,20.673500742009793
15,1,0,0,17.848700568907443,41.01315488107187
15,0,0,0,20.510584650201903,21.50146398567247
12,1,0,0,14.666791694820862,24.347104125227943
16,2,0,0,15.738649663988815,35.26814716181994
12,2,0,0,19.29558053422272,39.24392805763375
9,1,0,1,7.352238717568277,31.276095080483937
17,0,0,0,33.50884184045417,14.142245070547826
15,2,0,0,8.512324627477568,24.89706428246506
10,2,0,0,32.340216411945754,12.550155439926169
14,1,0,0,18.763111871285506,32.91661643229421
10,1,0,1,34.11091069380315,27.22150116381807
12,1,0,1,23.534835839067547,33.504917957854836
13,3,0,0,9.520841240216761,27.95991513333669
20,1,0,0,5.378349879281139,33.91620417262796
18,3,0,0,15.757802141073363,27.01979525556967
8,1,0,0,22.00558982002425,36.40749858403768
12,0,0,0,29.477684573318744,14.01776276266219
17,1,1,0,43.486248959684374,21.36833373916307
12,0,0,0,17.259609231243438,39.02968276146552
20,0,0,0,15.698211354491537,31.21358889782774
17,1,0,0,11.236252096647911,23.387263596570044
15,3,0,0,27.333730279293793,40.96682708912018
12,1,0,0,15.333643027336532,23.89489364618921
12,3,0,0,38.873115726776646,17.177079421745617
10,1,0,0,43.12583280102724,39.37498554191738
11,0,0,0,28.957990634325927,31.31100955088972
11,0,0,0,18.57203517301924,34.93247740880255
10,0,0,0,16.478260814558453,26.29069770704475
16,1,0,0,8.091825204868321,25.95707722338279
18,2,0,0,22.820180461135433,33.82788010257661
9,0,1,0,32.77113316209469,20.690512592554533
16,0,0,0,24.469584675061384,37.837468499145196
17,2,0,0,17.06746995446257,42.13791381078386
12,0,0,1,18.825121781062272,26.129537860390382
17,1,0,0,33.03737865215936,28.52536489160181
12,1,0,0,22.880205650722534,41.940446288367475
16,2,0,0,7.114568464456148,38.39699189362745
12,1,0,0,24.48281191027971,30.807951079764077
22,0,0,0,27.440814717445008,25.469189557558547
10,2,0,0,6.397972731166526,27.058656904429508
11,1,0,0,16.294867445577253,27.07574506089569
13,0,0,0,15.526374426490559,37.920133673094334
13,2,0,0,25.704495247835716,30.80740417854012
12,1,0,0,28.971896592498354,33.338157586412294
11,1,0,0,22.222188889335516,18.482040523761242
9,2,0,0,4.993794199161908,25.51140627973142
19,1,1,0,29.240071892912663,12.646939305989495
16,0,0,0,22.327940612827053,34.82239281285561
11,2,0,0,18.458350681480823,22.7467036228434
11,0,0,0,9.2013401446682,24.745124579147845
10,1,0,1,15.559948160644808,26.561901805391997
16,0,0,0,12.331494962382829,19.401054797298762
12,0,0,0,17.44651948289748,18.341806015484924
19,0,0,0,8.34621439893214,36.16950418984125
8,0,0,0,6.795815004159527,27.64772667351444
16,1,0,0,4.0978106209153164,29.842715086760602
13,0,0,0,21.01942961469364,23.80270625509292
11,1,0,0,3.5504971662864264,26.62023513798887
7,0,0,0,16.917120716563982,22.963305215317973
12,0,0,0,21.91959201018765,36.83988349737261
18,1,0,0,17.227743258842974,21.31919875282015
15,1,0,0,30.078745112052886,22.556307278195426
15,1,0,0,14.77251717732658,18.31637136085034
12,1,0,1,28.146919566801078,33.40445814775428
17,0,0,0,18.151354904364325,29.940896283686936
13,0,0,0,26.081931595323965,30.23761970899332
15,1,0,0,18.38945588814443,10.704022943187116
13,2,0,0,24.9110002923146,35.65856426367581
14,0,0,0,25.188047527598982,42.76307689406569
13,0,0,0,19.527616243934787,18.887767714862484
12,1,0,0,25.94424781910896,23.507701824774404
19,2,0,0,22.583856563510427,14.394107111870916
9,3,0,0,0.9762994947712826,18.41856201120955
17,0,0,0,11.381790318850545,28.88371827815417
17,1,0,0,9.823986935431408,44.37004820635977
12,1,0,0,19.18356924321211,28.236127168710897
13,1,0,0,18.244852804892055,45.39186956827573
19,0,0,0,28.698990509577094,21.901964281608127
7,1,0,0,10.862022490009679,29.158918810257664
25,1,0,0,15.776995118951868,32.46844106354046
19,0,0,0,17.08302102824169,29.339537653277183
15,2,0,0,34.8809518524427,38.66138002493405
12,1,0,1,0.5197471282862232,28.628790675749404
20,1,1,0,16.494487863853195,31.177256221013177
18,1,0,0,16.60352389204486,28.79510683461121
20,1,0,0,11.321971084886227,28.367438550627124
15,1,0,0,26.27678676437581,40.2501999311112
14,0,0,0,36.293069286867926,38.151996933200586
14,1,0,0,35.300186704651196,24.56394878810078
14,1,0,0,25.97289838601651,43.1274645871429
11,1,0,0,12.21677107694908,24.928424046598185
12,0,0,0,29.58842151556803,33.12231676372254
14,0,0,0,11.38063655629673,23.298967988051007
18,1,0,0,32.40713900424211,26.583882835137544
17,0,0,0,11.213697508727282,26.746405681777674
14,0,0,0,26.310053203909423,33.14974992810545
16,1,0,0,21.722223549811336,24.358432138226078
11,0,0,0,38.36049111744285,30.22665834119499
14,2,0,0,15.216008955194393,37.66927258739329
16,0,0,0,15.598576843650626,32.49962290256449
9,0,0,0,12.423919521664622,29.409123190919317
19,1,0,0,53.01523975790876,29.831475278435185
18,1,0,0,21.22891894475809,35.334806791726194
8,1,0,1,16.654842248395806,25.94872286190266
11,2,0,0,25.81799900030657,33.514693775243444
9,2,0,0,11.068062351539087,23.288906356336945
13,1,0,0,20.541019706528814,28.22986962394097
11,1,0,0,16.460759062617722,38.15647855434269
13,0,0,0,20.343516791456043,34.33238063237428
10,1,0,0,30.753694417575115,24.262722124708986
5,1,0,0,12.220876129391407,39.44970352619893
11,1,0,0,25.2933532919022,48.246246874379
7,0,1,0,17.26415849637258,12.903999195063175
14,1,0,0,10.123168381029101,35.82758210760905
14,0,0,0,15.418946350657325,20.768951744214597
21,0,0,0,18.978588378212336,24.430528204933925
13,1,0,0,47.77203451921025,12.82793337890553
13,0,0,0,24.628740208298,24.556148028117278
13,1,0,0,10.044721938026436,38.10920746098118
7,0,1,0,9.112912505188103,25.922098215266068
3,0,0,0,18.789537122487424,32.716812972527066
14,0,0,0,37.65476942633097,22.541142634453948
11,0,0,0,23.35231315439337,35.118041106984684
17,4,0,0,31.17608458326862,26.250668410674145
18,1,0,0,11.733012874702013,24.116951315964684
17,0,0,0,20.474177190156592,14.667447482396629
11,3,0,0,42.61911450893638,35.133699703617104
9,0,1,0,9.749142136686743,29.900285059708335
10,0,0,0,13.310355007047606,30.675638992254765
8,2,0,0,21.883378135953873,37.371048383653374
10,1,0,1,15.351774691799044,15.968887827496122
17,0,0,0,2.187066095007296,25.189648917598344
6,0,0,0,0.8161521401670981,30.79765119430376
21,2,0,0,27.483530281005322,32.954417428961555
18,3,0,0,28.31894168572721,31.224605711732895
14,3,0,0,31.77789432049245,35.916940579200514
8,1,0,0,8.84935574899275,27.245741047653155
19,1,0,0,31.864076563743268,32.24552993597392
17,1,1,0,29.834198336574026,37.97363324454856
17,2,1,0,4.042793993322464,23.874904292957787
10,1,0,0,22.875245433472312,26.442482370264734
14,0,0,0,12.993009746459595,38.01158996963732
16,0,0,0,4.355755997926003,39.775710400626295
21,1,0,0,14.033410047557432,31.756058184542994
8,0,0,0,17.265695216779612,31.49681167844476
8,0,0,0,15.028685090577738,33.982805770911156
17,3,0,0,25.580611648451747,31.28249603524073
16,1,0,0,26.835488566264353,36.634173621001075
12,0,0,0,31.900491021768854,25.523607052131744
13,0,0,0,32.07695589715617,29.950919027015114
17,0,0,0,30.1420132029714,25.56095838132093
10,0,0,0,12.600670960202782,29.266408241104838
14,2,0,0,26.904543933282973,24.087225551957076
11,2,0,0,10.832696139626757,22.0955251050971
16,1,0,0,28.73234074642059,35.921980662660786
21,0,1,1,32.80258723991644,36.53431630424424
12,1,0,0,19.57406409787109,26.52974309101075
20,0,0,0,7.044840763599343,30.17538861238406
15,1,0,0,32.84556429655242,23.783865059075644
14,1,0,0,20.590459880746756,28.43079957188924
8,0,1,0,17.82194582952966,30.198722903178
15,1,0,0,40.405116528672124,32.34370427153503
19,2,0,1,19.974764087305054,32.52689317089225
17,2,1,0,13.441530878710736,29.15936859317445
15,2,0,0,22.90198916876058,20.04168360770474
3,3,0,0,16.313718247357183,30.30484515434559
18,1,0,0,12.300386251760322,34.02778393995571
20,0,0,0,14.228447924078477,20.76096860992491
11,1,1,0,17.46645969465171,28.03399853725175
12,0,0,0,9.256503265988666,37.54021697092672
19,0,1,0,12.165085533726849,25.870770310636853
14,1,0,0,18.749757564133656,30.907317568019504
2,0,0,0,-0.6948171780178924,19.27011603485515
23,2,0,0,10.081651868910065,34.72587363399939
9,4,0,0,14.074334073055974,18.36607026444917
11,0,1,0,21.081053344764605,38.199986896603306
10,0,0,0,18.629522027443237,32.28357855211559
9,0,0,0,26.833542239172083,22.983824651135254
19,2,0,0,20.167178397317848,36.98338456843195
9,1,1,0,32.00677774893174,25.563872611438416
11,0,0,0,38.31077318290387,38.44030397335767
14,0,1,0,54.27874256229735,22.455833438112776
15,0,0,0,4.558000821947125,20.73697788970407
6,1,0,1,24.594360025951957,29.35231308346956
10,0,0,0,35.39624548033716,32.74567211637791
8,1,0,0,3.614064017657004,35.187473572686095
14,2,0,0,26.481451041700915,29.85334574666339
11,0,0,0,18.5844738619954,40.42948744416549
16,0,0,0,35.552329734376265,26.823978128843923
8,2,0,0,3.3297376762112627,38.81499709393161
4,0,0,0,23.94775804201824,21.106034038946422
21,1,0,0,14.143126056344018,23.20844451667937
15,1,0,1,22.7389997956007,50.07054372958211
16,2,0,0,16.73186758473803,25.273495028460786
12,1,0,0,14.1295488375743,24.12138646153018
17,1,0,0,17.762779285322075,37.654537241833054
12,2,0,0,37.67935750310945,55.959321559919516
13,1,1,0,13.034325767655742,19.84875058709857
20,1,0,0,19.394532380048993,22.858133966950234
12,1,0,0,30.067786468792825,35.872944737585506
17,0,0,0,15.942159100524403,26.587506209796228
13,1,0,0,4.631157984510141,28.404888395498396
14,3,0,0,29.254517139395425,28.017441754134413
15,1,0,0,2.990253342136679,30.595413717117
14,1,0,1,8.042365641419572,24.91701676506827
16,1,0,0,24.16047998945788,36.66206998991177
9,0,0,0,2.3694954643685584,24.28348238946713
12,0,0,0,27.722033014563635,16.585791547269878
14,2,0,0,13.458004530094431,24.902529046471237
16,1,0,0,13.045439792342597,32.83750271844471
15,2,0,0,15.412160814610047,16.27758660826437
18,1,0,0,20.037748557649547,28.06914119879754
17,1,0,0,37.41313046862644,30.10748160500763
8,0,0,0,-2.540165144818424,27.81073742718351
17,1,1,0,7.017385362331115,33.824770468355254
18,1,0,1,2.3135960225993237,14.602386204435756
7,1,0,0,8.99959132570947,18.696840879862584
20,3,0,0,11.434332052027814,28.01782351156537
10,1,0,0,12.431860980512955,30.633639770791813
11,1,0,0,9.209140496130303,30.405839506104392
19,1,0,0,4.17342353882651,14.9469413180491
20,2,0,0,5.646914676308736,45.348661192965544
11,0,0,0,5.166165807637665,19.65336253662826
13,1,0,0,24.39435019177835,35.636277566795705
14,1,0,1,15.917305876562104,26.968221451996367
22,1,0,0,21.434668907784683,32.75822193579307
14,1,0,0,26.348771061700106,33.902073660376644
15,1,0,0,11.658268311456336,19.377467406661637
12,1,0,0,8.784377644827643,32.002678269035044
12,0,0,0,19.488839924200736,29.82294677768919
11,1,0,0,1.2380377764583486,34.29093446238374
14,2,0,0,14.628874895468098,36.56706731299362
14,1,0,0,11.166908357480583,32.24036462760878
15,2,0,0,7.071230275610123,31.789564578829314
12,3,0,0,15.622004225546355,23.176953068416918
15,3,0,0,23.839137483184448,33.30584076313157
18,1,0,0,28.622598860162782,44.46950571065728
6,0,0,0,21.811317613416932,24.134028733148426
20,2,0,0,7.082787578898531,30.94796363923776
13,1,0,0,22.466905347914874,28.52523084778992
13,0,0,0,3.712249796993831,36.561007445082495
17,0,0,0,20.770701170849694,44.48886320643499
17,0,0,0,19.306597165942254,26.719749488230523
19,2,1,0,30.18026700443513,23.615897390951524
7,0,0,0,21.756275415445266,25.568009095403887
12,2,0,0,13.475694982704228,23.301099917643466
17,2,1,0,3.7689876816731243,35.660288838134235
19,0,0,0,19.277418337701327,19.65118694532389
6,0,0,0,26.558261343401988,46.101042203743816
19,1,0,0,28.607154281414314,24.03341031870569
12,2,0,1,24.900509957796768,35.59485646396059
12,0,0,0,7.756595519715081,41.59119377536751
13,3,0,0,22.54307415372515,20.616310772953746
17,1,1,0,12.246993005780576,31.944216169963823
13,1,0,0,37.504165058564254,34.30044373327901
10,1,0,0,24.714512529471676,36.81328344592294
10,0,0,1,15.37206007972438,28.326691472154486
13,2,0,0,25.904243260049387,31.056491592631694
8,1,1,0,14.793998393564287,34.70969833366986
15,0,0,0,29.44574182223047,40.48407932784042
8,2,0,0,20.67812549882575,34.86325846681388
12,1,0,0,23.166064580436114,29.67788201607432
16,1,0,0,23.633271198543618,33.16616049069344
18,0,0,0,15.25790024616129,26.070131216673314
9,0,0,0,8.063415141242,41.58601736960212
17,2,0,0,17.030823290128037,27.279027262573862
10,0,0,0,50.11025902479752,23.625155151583876
15,1,0,0,23.354229293097365,16.429745898826468
12,1,0,0,22.749591475456693,32.01689959540872
11,0,0,0,4.647496891853276,24.2578167427235
14,0,0,0,13.402764341082353,29.13210046690313
14,0,0,1,11.184336802144752,37.739972123007355
14,2,0,0,29.657637203285745,22.99642965287306
14,0,1,0,11.320493942707069,34.72934168707394
10,0,0,0,19.17413046889409,30.101348421809856
13,0,0,0,17.774295948377183,37.37401621243174
14,1,0,0,40.01252794069849,28.563327321013215
15,2,0,0,18.541020304836564,28.675446455350503
23,0,1,0,9.777537132027012,30.79702991985609
17,1,0,0,26.294672374497786,30.379008798139896
7,3,0,0,16.077710961151578,38.65001266321049
17,0,0,0,28.421034039484866,35.5141022130163
14,3,0,0,15.177907898299713,33.864014703526834
10,0,0,0,24.95100322034547,46.99597435235981
12,1,0,0,5.457997599694746,28.45181022812042
13,1,0,0,30.78181975416136,34.169729829364435
19,0,1,0,25.01610850819202,43.601126663503116
16,0,0,0,21.185437385029427,35.7446671417069
15,1,0,0,-4.849661038404072,29.091403968677596
13,1,0,0,12.683027830948744,22.87717853122792
14,2,1,0,31.583022064053537,28.1710018395874
9,3,0,0,16.757754926417427,34.51368986987226
19,0,0,0,22.890112159825375,33.711074821683155
14,0,0,0,33.91601741445157,34.6305753843192
12,0,0,0,27.88688426850294,29.906170998620663
14,1,1,0,28.382124787244628,25.113699814973263
11,1,0,0,20.598260607063935,35.88405899404381
17,0,0,0,28.639728325067814,15.074078100835926
16,2,0,0,30.696923833843787,23.51834776435083
17,0,0,0,24.563722006148435,44.769239871588184
14,0,0,0,30.478779654363834,30.190406420454305
13,1,0,0,27.25161727666495,23.75474440044254
5,2,0,0,15.815215041162093,34.37099716880948
4,2,0,1,24.384863468042248,27.065002036266602
13,1,0,0,32.15193580107187,34.08346652632707
8,1,0,0,12.373110324876668,29.758927042871576
11,0,0,0,26.00603865029396,37.533222383426
8,3,0,1,29.567496791964373,41.63040092250631
9,3,0,0,17.36098442224812,46.02673540222466
6,2,0,1,40.976101302542446,43.91944538532891
14,1,0,0,20.52962099270478,38.65981333649586
14,3,0,0,33.37613313610012,32.10002629406462
15,1,0,0,30.96575459984392,17.870429432839476
15,3,0,0,22.58803895252958,39.63821036594294
17,1,0,0,23.164901473674046,25.11477924946344
11,0,0,0,28.921744838136025,38.17613227707419
11,2,0,0,6.420966756112556,30.197825197557446
19,0,0,0,19.148153338065306,34.29546323982866
15,1,0,0,7.2112674490431985,23.287966679251795
7,2,0,0,11.67646205123231,52.76698923384673
15,1,0,0,20.53419186689172,29.298365316143506
10,0,1,0,22.834226824458085,38.298974285712234
14,0,1,1,12.928487456590926,30.19507638998072
2,1,0,0,30.636808101757993,27.925128016083093
15,3,0,0,27.195263851845162,33.77401333970676
18,0,0,0,-1.5773125887887396,30.008940794394274
17,1,0,0,13.33086941616843,34.30207451894454
17,1,1,0,30.69756889917123,27.845062477726692
15,2,0,0,20.67057994963088,26.196157271350735
6,1,0,0,5.078790647641016,36.827833819071195
14,1,0,0,13.120499383275368,16.24484911544718
11,2,0,0,20.520048887123743,20.64092455836957
18,1,0,1,29.173886035770508,29.844498847781527
22,0,0,0,42.393286585548225,19.98817363379365
19,1,0,0,30.659677482469863,30.449373810590107
14,2,0,0,25.12672624448576,20.42525067486754
13,1,0,0,3.1077820880480402,45.48854277165819
17,3,0,0,17.08284844880747,28.724198984829428
8,1,0,0,9.467113157933804,31.30999319203838
18,1,0,0,20.55971312245331,29.14637242325471
12,3,0,0,30.178543778085132,36.61386210372347
16,1,0,0,29.564983241707154,30.37413300391458
17,4,0,1,23.232645311332714,14.085696589682003
9,2,0,0,37.866428632705194,26.93266562009569
7,0,0,0,15.160751319211801,26.6401599178131
17,1,0,0,5.905328058711907,32.125229324658335
14,0,0,0,21.478385047914056,26.060541906557045
14,3,0,0,38.037214227087816,30.79098506812566
14,0,0,0,45.842567419168006,34.39909036932868
13,2,0,0,-3.1644091747857814,43.71487001305717
8,2,0,1,18.52473320857957,38.674176946250256
11,2,0,1,38.100492065122346,27.642614960350542
21,3,0,0,33.680247284232756,33.13594968757826
15,0,0,0,33.54206494030573,27.0489370475079
14,1,0,0,22.05584321530231,29.91551520341427
15,0,0,0,23.98182490152572,25.558980967070077
10,1,0,0,-4.618752000490744,27.607714940084616
14,1,0,0,16.28354305057522,27.452783354501406
18,1,0,0,12.45003976564718,31.25614478048728
8,0,0,0,19.7260222395651,40.38602569034241
17,0,0,0,23.670430966849224,27.60433185425716
12,0,0,0,39.65921218931604,23.47197622825281
24,0,0,1,16.770719914516544,31.126934424828015
16,0,0,0,23.883695210288924,34.16391316056299
11,2,0,0,16.626579417207964,30.938858621976166
15,1,0,0,29.146093270539474,26.83863279495362
17,0,0,0,27.3793480251015,33.00870922390351
6,1,0,0,16.52077991904086,34.198179145436995
7,1,0,0,28.96339078886465,31.726632709399176
12,0,1,0,16.568546844274774,29.980356395518626
9,0,0,0,8.593462081590175,28.59425176894496
18,0,0,0,26.41194247561785,48.247351408112735
17,2,0,1,12.087866796980625,24.16738919956312
10,0,0,0,31.902537425471582,37.691921641410175
17,1,0,0,19.477776189234607,37.437832891469924
16,0,0,0,25.052013378946718,42.641672294172395
13,2,0,0,25.42921650912466,26.129384478984807
6,1,0,0,20.23817192656003,39.274706689951365
10,0,0,0,12.162522738943142,20.933907356948747
17,1,0,0,3.841787454231092,32.25729315769959
7,0,0,0,25.103509023198576,43.66744389072839
9,2,0,1,27.997002042415357,28.68422403260825
19,0,0,0,18.65948239251354,34.352500745970424
13,2,0,0,18.09932958376875,40.73464331543336
11,1,0,0,29.45600959363494,16.907054516369982
15,0,0,0,9.279544888815627,15.165094668354618
9,0,0,0,15.589391699221505,33.66516547518074
8,2,0,0,16.25533278194135,35.51228376154898
13,0,0,0,10.96987888811231,21.63765058942286
10,2,0,0,43.80469747697523,19.631398267395454
10,0,0,0,34.11544567699421,21.861071619405777
16,0,1,0,11.05877448840042,23.556659654884267
17,1,1,0,9.949893798607697,28.656806215212494
14,1,0,0,27.546644682847887,23.89042091475082
12,0,0,0,9.930149367000363,28.60775430224431
14,2,0,0,19.345763501953343,29.191838723335724
17,1,0,0,13.807975610075182,25.595220025005396
15,1,0,0,8.38095965574324,41.10365946364541
5,1,0,0,11.565168834361273,26.79940917729415
9,2,0,0,16.770604471872584,23.10577331227481
14,0,0,0,32.366985833675706,33.87663779688302
16,0,0,0,15.982103929284285,29.77822202024199
11,0,0,0,26.848936650336803,20.003767254751686
16,0,0,0,24.131785843806934,31.387118047795845
16,1,0,0,10.173398572317137,28.0547691289678
15,1,0,0,24.384901865575195,21.31332721103193
12,0,0,0,4.732141935430645,32.66456013075784
15,3,0,0,18.083288527449522,35.854237117301615
16,0,0,0,18.606104850910953,35.45357251510243
15,0,0,0,14.49403870613201,40.27050257640724
10,2,1,0,15.862599349084832,39.00634810431197
15,1,0,0,17.709077578152204,33.52025555310766
9,0,0,0,12.057258203955175,34.10416294471671
7,2,0,0,-12.812780713057293,41.8060451334193
12,0,0,1,32.63937363763909,21.591496615407436
13,1,0,0,13.07691307981642,20.739913349798424
17,2,0,0,18.1972073212494,38.92862001003727
22,0,0,0,24.49576736006711,26.58415997676676
11,1,0,1,35.54365968296732,30.766373146519186
11,0,0,0,26.78495221226236,27.76362538501634
14,1,0,0,40.208690702380245,32.54788435024979
17,0,0,1,6.016706667591036,32.462390796017615
17,1,0,0,28.401886210944756,5.704912844259933
19,1,0,0,38.59009535875373,40.32165135668381
15,2,0,0,25.472240166442262,30.539875653280212
9,0,0,0,13.169660067106399,38.634646392115265
17,0,0,0,28.403892229136567,30.282967217946183
15,0,0,1,26.84103696235489,21.75173950903485
14,4,0,0,11.203874210496469,30.108902636993665
13,0,0,1,20.021941137019724,34.66074293971205
21,0,0,0,8.605230411317923,34.47654147133996
16,0,0,0,21.237236584007942,43.90653722444035
14,2,0,0,21.11199213202459,23.283735925298576
15,3,0,0,24.671166002077506,37.75597255916058
10,0,1,0,23.2988756494125,28.28650076600725
8,0,0,0,15.650778481668194,37.394576136803366
16,2,0,0,6.816657131115075,21.81534041865165
13,0,0,0,30.05275346878912,33.89335635236394
20,2,0,0,6.795251221245778,33.39596455813533
