login_hour,failed_attempts,new_device,ip_changed,geo_distance_km,session_duration,label
16,0,0,1,29.479129531988576,27.917367917262425,normal
11,1,0,0,15.423707733894398,32.686913963032914,normal
4,1,0,0,34.08415742224852,28.12814200695429,normal
14,1,0,0,8.07076637371393,48.58860156293004,normal
11,1,0,1,10.615809187569088,45.20212367541492,normal
14,1,0,0,27.471984636015613,26.842001032684916,normal
11,2,0,0,27.513810931225322,35.71757806393686,normal
20,3,0,0,34.72610736362892,30.712469152770492,normal
15,0,0,0,4.149255192081025,32.38418933608025,normal
15,1,0,0,13.990612345330344,38.560860362743355,normal
23,0,0,0,37.98160834435558,31.882788995828193,normal
12,0,0,0,26.034846278483528,35.557148133469134,normal
18,0,0,0,31.886957631365732,48.03085628360822,normal
14,0,0,1,2.568125114206275,27.56096088935772,normal
11,0,0,0,34.697941733309776,37.74723669974193,normal
14,2,0,1,19.631011570308836,17.336166222596443,normal
16,1,0,0,13.765555490791684,23.788871816406235,normal
17,0,0,0,29.769157876391024,38.612585847584796,normal
19,2,0,0,23.36340042786437,30.190340854056362,normal
14,0,0,0,26.4313187878985,24.013661368101104,normal
23,2,0,0,7.9301373728962155,18.603462593266613,normal
13,1,0,0,18.149190845913783,28.986501083724285,normal
13,2,0,0,21.855465182223153,35.67278698833116,normal
20,1,1,0,12.409842879731904,33.17806892865966,normal
20,0,0,0,14.703773758066507,36.43699484784928,normal
10,1,0,0,27.08755853365222,25.606020000354114,normal
15,2,0,0,30.616098889055145,30.23673750954662,normal
14,3,0,0,5.163057971805092,32.007962733903625,normal
10,2,0,0,31.21645827925959,24.68878155339811,normal
14,1,0,0,9.106022069226551,29.912134937560978,normal
13,0,0,0,18.554360920970588,25.612652395832313,normal
11,0,0,0,22.644979702970232,29.772821936806622,normal
12,0,0,0,22.796237620862318,37.229841024553025,normal
13,0,0,0,26.047698849264503,37.9362840119457,normal
6,1,0,0,29.171096431333055,39.54693368253307,normal
19,0,0,0,22.48578882464121,30.935750879727888,normal
15,1,0,0,18.00846365780622,38.643621467451794,normal
15,1,0,1,2.4819866115009113,28.819153409367217,normal
11,0,0,0,5.280722282276054,12.790650216426588,normal
15,0,0,0,7.248226892419991,35.7715438742223,normal
16,2,0,0,16.390868595679297,27.006284460856907,normal
17,3,0,0,2.229812255147216,29.481544077315565,normal
12,0,0,0,11.321456486934595,29.6539292608476,normal
16,3,0,0,30.53302995305634,25.17528350960273,normal
12,0,0,0,0.06197425409852286,34.49956850037618,normal
7,0,0,0,9.270061670846719,36.58529911378448,normal
13,1,0,0,17.809894644004046,32.183230993264324,normal
17,0,0,0,26.29399196497073,19.14609239660028,normal
18,1,0,1,0.0,7.183703022662868,normal
11,1,0,0,20.148461364984996,38.686419962169296,normal
17,2,0,0,1.8583339180749654,19.727665322097344,normal
17,0,0,0,27.40468290739727,28.798964085106178,normal
5,0,0,0,21.385531190070843,33.488214438198355,normal
14,1,0,0,27.330971465174613,38.33031300359557,normal
18,3,0,0,18.406201399516114,9.849514613268202,normal
23,1,0,0,28.31123167049269,20.511370212196717,normal
10,2,0,0,28.442119215845196,26.943088415003654,normal
14,3,1,0,24.12520923454545,35.22349738575434,normal
19,1,0,0,3.0499778038489183,14.7067287011999,normal
16,1,0,0,16.813012540973435,21.67067591669425,normal
6,2,0,0,3.9753106878163713,20.48131035414545,normal
17,3,0,0,15.74634453875806,19.41662778731594,normal
20,1,0,1,13.669807608262795,46.316771295241125,normal
20,2,0,0,10.004465169858243,31.972022877706614,normal
17,2,1,0,13.413602095365366,24.748166382958193,normal
16,2,0,1,31.340552946269757,42.08260450013405,normal
13,1,0,0,23.64575580270801,25.07227868828479,normal
12,0,0,0,36.81247987275336,26.309486456010106,normal
10,3,0,1,22.57715554471723,21.452245884856445,normal
19,1,0,0,15.209551630851678,45.12374006886549,normal
19,0,0,0,32.75083720112005,23.75796277194764,normal
9,2,0,0,22.354056833993436,29.505645794462676,normal
10,1,0,1,36.82047858398095,40.705497004654504,normal
9,2,0,1,17.268868883685986,17.939038396632753,normal
16,0,0,0,2.684256410470347,27.92533194639984,normal
20,0,0,0,10.418500569696924,45.417171610054424,normal
12,0,0,0,22.243340033709725,30.15988497139675,normal
16,1,0,0,12.060729417382628,47.375634521700725,normal
8,0,0,0,15.081066674308895,28.465997763656333,normal
13,0,0,0,23.127890247981366,21.1790203920379,normal
12,1,0,0,0.0,36.24530580226295,normal
10,1,0,0,23.75145123063235,34.44446661874549,normal
14,1,1,0,18.97140017378224,20.854974877915218,normal
12,0,0,0,9.879688936671185,25.796852364557722,normal
15,1,1,0,23.868026764292303,38.57901196915977,normal
14,1,0,0,24.282456864277805,22.9104444493519,normal
13,2,0,0,27.547849099213543,25.907775479485295,normal
5,0,0,0,22.05760686087229,27.480226960637893,normal
15,2,0,0,18.246976214933312,29.925416179603694,normal
11,2,0,0,13.191322751782591,31.383531146764227,normal
12,1,0,1,20.48410618612428,35.94079194877983,normal
15,1,0,0,19.22681848389874,19.826082180655998,normal
12,1,0,0,15.286637502425002,26.2474518530344,normal
19,1,0,0,18.62790429475728,14.075650721617366,normal
14,0,0,0,29.337209511192608,25.060185473335828,normal
12,0,0,0,24.578696088535605,35.05607368398228,normal
17,1,0,0,21.24210644317843,44.51620131268287,normal
5,2,0,0,14.00355580304128,16.745626597299896,normal
14,2,0,0,8.245442534793796,20.855031048613185,normal
12,1,0,0,1.1310409059228874,20.352717456376382,normal
9,1,0,0,33.43795143782586,24.660963567309388,normal
9,0,0,1,9.484199042708752,25.20085395637539,normal
10,0,0,0,22.133963092020387,20.970483125114875,normal
9,1,0,0,27.529890580680863,31.63074467647582,normal
14,1,0,0,30.602614131315832,24.3818856280831,normal
9,0,0,0,20.101440007242665,39.04600251423507,normal
18,0,0,0,25.135792561311465,39.77900354461746,normal
10,0,0,0,32.4403630937512,39.34403102591021,normal
8,2,0,0,31.37682203139547,31.75323581023831,normal
12,1,1,0,17.926637913612964,26.40703443091767,normal
16,2,0,0,25.920650671070312,30.978067438765198,normal
10,1,0,0,34.83967608583009,6.69284170381788,normal
15,1,0,0,32.07849802739753,31.165684736010764,normal
10,1,0,0,26.445926804778765,35.83761453040031,normal
17,1,0,0,29.310941773468272,33.37329424119463,normal
4,2,0,1,24.106391893240627,40.435034501378055,normal
13,0,0,0,29.264584147160832,36.65012547687258,normal
10,1,0,0,22.958018671480446,21.793758990736272,normal
13,1,0,0,19.099853525222784,21.04436958837757,normal
3,2,0,0,20.291827093751014,15.122230063295543,normal
15,1,0,0,24.4444617957002,38.29596584637259,normal
9,1,0,0,6.099306357512946,19.96087989428163,normal
15,0,0,0,30.02800567242138,26.477066883046316,normal
9,1,1,0,18.018905556242082,42.853787604208286,normal
16,0,0,0,30.247769616290782,12.092503995494368,normal
21,1,0,0,35.47996738358813,44.575748270110736,normal
9,0,0,0,21.479299847894268,37.2237313899473,normal
13,2,0,0,13.680656512849644,24.38099339422534,normal
15,0,0,0,11.390455762688067,20.881100617430093,normal
12,1,0,0,19.53664623714074,29.803606261055098,normal
5,2,0,0,12.290116189177102,17.615469933917772,normal
21,1,0,0,32.564271996942,34.11453075324404,normal
10,1,0,0,28.57671308506054,31.10936101745718,normal
23,0,0,0,19.466456041939175,18.90160584454974,normal
12,0,0,0,12.184565978027907,30.44352860548126,normal
16,2,0,0,30.660444578290907,37.89466018111306,normal
10,0,0,0,20.90011705710612,21.761448449189395,normal
14,1,0,0,29.434811104466377,34.9149786745699,normal
15,0,0,0,24.872677326118424,43.76540241217787,normal
14,0,0,0,21.14808540756324,31.8017335752649,normal
13,1,0,0,23.801324545811646,23.425328017288965,normal
14,2,0,0,35.0583467955159,33.69039785357408,normal
12,3,0,0,15.521609751006476,27.13688701547344,normal
14,1,0,0,15.150390837040312,28.749296675524192,normal
15,1,0,0,17.048701445271284,48.37813613472032,normal
17,0,0,1,25.450147038519184,36.87420831135928,normal
13,1,0,0,25.154227225648157,34.05638817207793,normal
19,1,0,0,17.935783879114307,39.89129092263616,normal
13,0,0,0,4.137320325902252,27.9086910536681,normal
18,4,0,1,30.181154516413358,46.52848463784907,normal
12,1,0,0,33.946700691935376,29.06442367474836,normal
9,1,0,0,30.00022822163797,31.71739612829345,normal
14,1,0,0,9.412135241597277,28.23297736945537,normal
18,1,0,0,25.89807549432701,44.160470714235196,normal
14,1,0,0,12.670754290978055,25.617153688336067,normal
15,1,0,0,11.26493898864726,31.30673032237063,normal
15,1,0,0,30.227507113550306,39.06019394697426,normal
12,0,0,0,25.48615268608144,29.219730691627742,normal
13,3,0,0,20.01023782489451,36.369136873097474,normal
16,1,0,0,35.84973384104365,38.208466249197194,normal
17,2,0,0,20.572710479276285,36.28859864624034,normal
15,1,0,1,13.304374465573318,33.70162406757168,normal
12,0,0,0,18.977171024145314,34.84776063588157,normal
14,2,0,0,31.182748738243507,32.60495324834482,normal
12,1,0,1,19.020788527116864,26.534166022374333,normal
12,1,1,0,15.013675989788917,32.27689516226129,normal
16,2,0,0,17.87501258808768,29.199254255516127,normal
18,3,0,0,6.480354228086426,30.034945181159515,normal
13,0,0,0,21.802617291084164,24.80423837700692,normal
17,1,0,0,0.0,39.36548174000917,normal
21,2,0,0,7.228586565260306,26.234153935109408,normal
13,1,0,0,5.542664203233073,37.96536207718596,normal
19,1,0,0,29.793561433689028,37.39481911347711,normal
12,0,0,0,24.866254325990155,26.881141311969042,normal
14,1,0,0,24.231658790796196,23.622989620242475,normal
12,1,0,0,26.684378009735497,24.46916088860279,normal
8,1,0,0,30.628004228745276,31.623838534443784,normal
14,0,0,0,32.75966324161345,18.98574497090084,normal
17,3,0,0,9.198567025632096,22.063217936977132,normal
14,0,0,0,14.055442751857889,20.588486827265548,normal
16,1,0,0,32.33179801197842,25.38971511668296,normal
19,2,0,0,31.15256903037629,20.872157183931648,normal
16,0,0,0,28.39599180189432,39.161823942786484,normal
12,0,1,0,26.75943006582485,35.91668754703841,normal
23,2,0,1,16.393218518455807,31.35715177739912,normal
11,2,0,0,24.389148130032037,28.365902381580053,normal
6,0,0,0,12.695900493863927,20.5068846884948,normal
13,1,0,0,22.681669941942992,35.89926266908119,normal
13,1,0,0,21.240421575403595,38.81753481824242,normal
7,0,0,0,13.529476555587987,21.230927781194985,normal
10,2,0,0,20.26735533201467,31.267950139054086,normal
10,1,0,0,28.710767233423077,19.89367353034667,normal
16,1,0,0,17.454313833321013,35.571471226449226,normal
16,0,0,0,37.23428863282274,33.09418341934729,normal
10,0,0,0,12.611200441953498,32.74968266146118,normal
17,2,0,0,22.327392932039775,35.17225121628931,normal
11,0,0,0,5.6522435927341625,33.34966993621427,normal
6,0,0,0,1.3614724506162368,37.62158639851488,normal
8,1,0,0,18.933214392387274,39.77362052784787,normal
13,0,0,1,33.59100429472809,22.31885574134535,normal
12,2,0,0,18.120443227227746,23.7874769944373,normal
11,2,0,0,0.0,14.533843581794173,normal
13,0,0,0,8.481705003325356,23.1757036213989,normal
13,1,0,0,30.754929702277686,26.770960525806494,normal
13,1,0,0,35.76040475596881,29.993597576605502,normal
14,2,0,1,16.67114336078638,34.462226535748314,normal
7,1,0,0,17.13221018112644,25.933081836036642,normal
8,3,0,0,0.0,56.3704865945317,normal
13,0,0,0,17.51914022768372,28.558427321316366,normal
19,1,0,0,32.202755216122,44.364494738116605,normal
13,1,0,0,7.240697455850347,18.24347056076317,normal
11,1,0,0,14.498850530506973,38.67410634451214,normal
14,0,0,0,14.420730104862022,11.588831831414904,normal
11,1,1,0,27.860052514000515,23.873026490247685,normal
17,1,0,0,33.92612919672911,54.017818736426264,normal
13,0,0,0,21.69035764290491,31.955493713177443,normal
18,0,0,0,5.739894032539043,37.1484461528675,normal
14,2,0,0,23.563401796361315,26.646251715985528,normal
6,2,0,0,2.5859099296917982,31.750988674722507,normal
17,1,0,0,15.825735306004866,21.072017367071183,normal
16,1,0,0,33.058730798688714,28.600767851659704,normal
20,1,0,0,16.618986540936334,26.839701109942368,normal
11,0,0,0,30.09326994629202,24.402183874866477,normal
13,1,0,0,31.849787300825156,26.271811435938382,normal
12,0,0,0,30.118802227728345,34.890897849430424,normal
16,0,0,0,18.27781277226962,18.77227182671657,normal
17,2,0,0,2.78862946527957,33.338029754905385,normal
14,0,0,0,43.575741957031994,26.246141060022445,normal
23,0,1,0,18.432979968735278,30.701983056221977,normal
10,1,0,1,34.93646787950561,48.07629108680203,normal
14,1,0,0,21.871110229572004,40.22977599295977,normal
11,1,0,0,3.8497269227856385,33.14297977080891,normal
12,5,0,0,28.527171834716007,28.084699049357592,normal
17,0,0,0,0.0,27.290423712266026,normal
12,1,0,0,0.2275063777749189,11.855963723641022,normal
15,1,0,0,24.348262801071265,24.768007586619824,normal
9,1,0,0,7.529462494336087,36.77023740814587,normal
12,3,0,0,20.408106458088124,37.25315674681669,normal
9,3,0,0,8.42579173474952,32.34254282068435,normal
12,2,0,0,26.03085958936119,19.657145679281527,normal
14,0,0,0,26.718232628385525,21.252507960449822,normal
11,1,0,0,28.70619542673458,40.52507096547132,normal
10,2,0,1,19.78544113190888,30.622041042611254,normal
15,1,0,0,20.7643944705569,28.466646943571483,normal
16,1,0,0,16.752973619450515,44.59008761868182,normal
10,1,0,0,24.82903974456657,22.358440214841952,normal
18,0,0,1,28.181994948957648,39.99289259969458,normal
16,1,0,0,4.501589458840439,34.43627008913599,normal
8,0,0,1,5.07735033907306,40.27501153150335,normal
9,0,0,0,12.887199180617731,30.960438721095887,normal
18,1,0,0,15.655418351155886,29.758518257580853,normal
16,0,0,0,8.450694173788653,37.3900174357271,normal
16,0,0,0,24.360351152573326,37.09428777595792,normal
12,1,0,0,18.90556865802168,12.307467286580852,normal
12,2,0,0,23.622111173640516,18.735938391940977,normal
13,0,0,1,34.491046022692856,21.89306024302347,normal
11,0,0,0,16.00452451775802,21.576879001961984,normal
15,0,0,0,16.043179128980903,34.587865535866555,normal
9,3,0,0,16.06397349140611,18.141414095120226,normal
15,3,0,0,34.42376883068008,34.12323201501342,normal
15,3,0,0,4.156626454539648,25.12164865628322,normal
11,1,0,0,16.46684914947344,44.85303606215938,normal
16,1,0,0,0.054205792831737654,39.30868965968697,normal
13,0,0,0,9.169880227987994,40.20670981972691,normal
17,2,0,1,8.793565745731593,23.15834848795499,normal
10,1,0,0,16.687769684248273,34.77677959024825,normal
12,0,0,0,14.662344923550872,27.578999357602537,normal
19,1,1,0,21.33644135295614,38.17681626285679,normal
16,0,0,0,20.465570491812418,33.861537477179226,normal
18,0,0,0,13.280364819808177,36.99942355124199,normal
21,0,0,0,9.494455766426203,36.236672224310695,normal
12,1,0,1,0.0,43.70228952338372,normal
12,2,0,0,28.418468902949947,29.38927699437178,normal
10,1,0,0,18.801275522742014,27.331034273251618,normal
4,1,0,0,23.303927167835447,42.635154005420084,normal
22,5,0,1,19.07750619575353,28.501679928585904,normal
12,1,0,0,12.756405511279247,32.91495543320404,normal
16,0,0,0,12.41422100225229,33.42744563358845,normal
18,0,0,0,20.335134704392036,22.312667067656506,normal
13,1,0,0,16.59035352209953,35.37675404039233,normal
18,0,0,0,1.4850728088464074,36.45302395823685,normal
14,3,1,0,0.0,18.684710136315232,normal
22,0,0,0,26.710974066101436,12.06942183155057,normal
14,1,0,0,9.271313391824915,31.765361285104174,normal
17,0,0,0,20.894420788973882,26.307132296491535,normal
15,1,0,0,27.13533986491649,34.86358864167793,normal
8,2,0,0,37.67641151515417,37.20858822779051,normal
3,0,0,0,16.30441712425531,18.193359040966207,normal
14,2,0,0,13.114452479888394,44.15979415088081,normal
23,0,0,0,32.88480097205105,19.603968425345574,normal
16,1,1,0,14.350229846911915,42.07020199201989,normal
10,1,0,0,19.12986941281156,36.813460686559516,normal
16,2,0,0,32.66982491883919,29.181289418048674,normal
14,0,0,0,0.8796742912145419,34.22174651900585,normal
12,2,1,0,21.41108739781828,9.921828477174365,normal
17,2,0,0,25.43181097649537,38.707289182080096,normal
15,0,0,0,16.592986131647287,31.68717956943741,normal
6,1,0,0,23.667023148138178,46.91270262851324,normal
13,0,0,0,0.0,22.79891432610068,normal
13,2,0,0,17.06673849890762,40.29482563693257,normal
11,2,0,0,5.491974679737568,49.095145395574576,normal
16,0,0,0,37.91354203106823,15.652237511551158,normal
12,2,0,0,22.85172571613506,40.55983909224024,normal
12,1,0,0,6.8552324322605855,30.90221135960397,normal
20,1,0,0,12.583576159120852,35.15564132546409,normal
12,0,0,0,21.89673983928989,21.85107146786158,normal
22,1,0,1,41.67570069682574,36.35603430641648,normal
15,1,0,0,22.262456378330455,41.86630122519792,normal
19,0,0,0,25.047325065682497,19.15010588153744,normal
17,1,0,0,5.494282597579801,14.237216473912126,normal
10,1,0,1,31.64464567773414,29.873390376196006,normal
14,1,0,0,20.542036730631015,30.607405438533174,normal
13,4,1,0,25.069446369106558,15.914866555316504,normal
16,0,0,0,23.204843079155115,35.78915575364766,normal
11,1,0,0,0.0,21.566100783975543,normal
14,2,0,0,18.873336650890803,40.9720574189995,normal
7,2,0,0,19.81658773534836,28.921954042886938,normal
16,2,0,0,32.47029797757986,29.151552411365017,normal
14,1,0,0,22.696393629299525,34.85045276465202,normal
11,0,0,0,8.221770447288513,34.126086534668254,normal
11,0,0,0,5.972063691750391,32.93114799409004,normal
15,0,0,0,31.90261420161424,39.894658909969955,normal
15,1,1,1,15.81373969444473,30.12780349893006,normal
9,2,0,1,16.92960797004861,39.75836405125574,normal
16,0,0,0,21.282523251395286,34.994927026632574,normal
16,1,0,0,12.977962256372198,34.82198618945875,normal
15,0,0,0,29.889826653753982,30.15393560850004,normal
11,0,0,0,3.4908720174270265,34.90581439752518,normal
11,0,0,0,13.024110096627464,28.92645416932987,normal
20,0,0,0,26.154787186154568,28.17337032222581,normal
16,2,0,0,23.8655488638557,19.68454012462512,normal
12,0,0,0,41.692230264672006,21.733647164205507,normal
13,1,0,0,33.60553819842623,33.928943542099105,normal
10,0,0,0,12.49916963380064,27.889547847543813,normal
18,0,0,0,29.887612850125475,16.272112011410645,normal
10,2,0,0,14.707546922397395,22.496112465444202,normal
15,2,0,0,34.087105308514445,35.22920631145738,normal
17,0,0,0,21.589716629144792,25.046080352049277,normal
5,3,0,0,13.114943831426407,29.54369380877396,normal
19,2,0,0,21.23293211224072,27.56302850588911,normal
11,0,0,0,35.39471802271718,20.857275655783162,normal
13,2,0,0,18.349296732584744,16.60313732243857,normal
13,0,0,0,28.11634898660144,28.715646172270095,normal
10,4,0,0,26.644262372747058,32.58926436688839,normal
12,2,0,0,17.874511658677513,34.22918032384005,normal
13,0,0,0,9.409981376579193,27.13128628968442,normal
10,0,0,0,5.05274687794766,26.855459617084747,normal
20,2,0,0,31.582140805493474,27.6773809479352,normal
20,1,0,0,19.238838856952203,44.273549976564794,normal
12,0,0,0,11.303790553137116,26.716644099925944,normal
15,2,1,1,29.577703350670138,37.15919398721217,normal
4,0,0,0,10.09726385684784,17.559855972672274,normal
23,1,0,0,0.0,30.308663435932942,normal
20,0,0,0,19.593474190437608,17.70176645278727,normal
12,2,0,0,15.917269184681718,29.121894078939835,normal
13,2,0,0,19.407114898541913,32.605104168131426,normal
10,0,0,0,27.054403881248664,34.76054131138815,normal
10,0,0,0,28.59016634540184,39.48996383208174,normal
14,2,0,0,0.0,20.79157903744281,normal
10,1,0,0,24.25125044832402,37.143719459234696,normal
12,0,0,0,3.346618984782367,21.85543234403091,normal
10,4,0,0,24.774668278740954,36.400032607382414,normal
14,0,0,0,19.458996530079745,26.117413147512575,normal
15,2,0,0,20.274844449354678,37.30521482249219,normal
13,0,0,0,13.921322247392913,12.045189810788742,normal
11,1,0,0,23.506690761187055,24.289791150790197,normal
18,0,0,0,16.9084837079704,19.16755065375589,normal
17,1,0,0,2.2792402617847394,26.157081704824034,normal
14,1,0,0,28.864480481718516,27.76588333425406,normal
13,1,1,0,0.0,42.28987753967002,normal
11,0,0,0,30.45071154624294,16.636869821809263,normal
13,0,0,0,21.869571388984276,31.920711502640813,normal
11,1,0,0,34.935323005836096,39.9463244930466,normal
17,0,0,0,23.54745491226314,30.74807513630885,normal
12,2,0,0,18.37003178117735,33.58903739991299,normal
16,2,0,1,36.47400733802654,37.72418742061615,normal
11,1,0,0,22.47727192527615,39.31631761816279,normal
18,1,0,0,38.371448953215086,24.038950677735237,normal
13,1,0,0,31.479688542469045,33.29076634435497,normal
19,1,0,0,22.804948546686457,33.08506743271695,normal
15,0,1,0,26.187546575634727,31.150328313816264,normal
10,1,0,1,25.437194432857837,27.001900040393476,normal
19,2,0,0,41.39178826737617,45.68595256501078,normal
17,1,0,0,0.8410981205302157,18.671996635797385,normal
14,1,0,0,9.497186516486112,26.240360846413825,normal
15,1,0,0,28.323677591000127,28.762740239993107,normal
15,3,0,0,23.334581604994018,16.434887464248327,normal
18,0,1,0,14.525662052963854,36.84516053738775,normal
12,0,0,0,23.105194205705622,37.092804922786115,normal
15,1,0,0,12.83270057064858,39.12209454328932,normal
16,0,0,0,1.8444003017233328,20.741223242910255,normal
3,1,0,0,26.926189351040833,29.023893912286244,normal
12,2,0,0,8.54300939820076,30.970496745626548,normal
7,1,0,0,16.91596614787337,33.46111548610437,normal
14,0,0,0,19.605694067814532,22.836234833358823,normal
15,1,0,0,6.4050855148202,41.669485634004126,normal
19,0,0,0,24.779508297219195,17.1646857785331,normal
15,1,0,0,18.15982910328759,34.90600108412635,normal
10,1,0,0,11.170926880205206,28.366347372354046,normal
13,1,0,0,30.359824621261126,23.961480202426806,normal
13,1,0,0,38.320811634216184,27.783175994401805,normal
16,1,0,0,22.47554883486019,17.031551955689665,normal
18,0,0,0,31.41549308645158,27.19204108863213,normal
7,0,0,0,32.72664333833515,29.555751332601957,normal
11,1,0,0,23.152152400428342,32.354778826029076,normal
14,3,0,0,12.634088500456645,22.528161921502512,normal
17,0,0,0,25.04141608494708,34.02828997395457,normal
8,2,0,0,20.876975053230396,33.75329112048929,normal
16,0,0,0,16.390346119180087,32.04147028041649,normal
15,0,0,0,23.636166169347597,38.46416049637729,normal
12,0,0,1,45.16025112464421,30.503725700346845,normal
18,1,0,0,27.811286007086736,32.17461811587977,normal
8,1,0,0,4.05410901469085,16.75624661326527,normal
13,1,0,0,17.397226597979135,31.89121307030473,normal
19,2,1,0,16.74112346414519,27.841207321918162,normal
13,0,0,0,15.49141858420121,34.99025251216183,normal
14,2,0,0,20.196032960462446,50.40588165993205,normal
18,1,0,0,24.00745823502558,15.767180020550548,normal
9,0,0,0,23.45230646009403,44.86321139162333,normal
10,0,0,0,25.329473788458536,18.988637491180576,normal
13,1,0,0,26.32980320778726,31.65620895677446,normal
16,1,0,0,12.934778697719489,34.11197483304209,normal
14,1,0,0,36.65849071079499,29.88339827801767,normal
11,0,0,0,25.282410121863588,21.776774025990342,normal
16,1,0,0,31.82999730804322,22.785514608145462,normal
17,0,0,0,17.43707150284029,2.2701343190003236,normal
16,0,0,1,8.353223273027112,42.946523988964,normal
14,0,0,0,24.71750272394826,34.0483800665724,normal
12,0,0,0,24.78549142628343,38.64808279279378,normal
9,1,0,0,40.543658932438476,20.631117975995867,normal
16,1,0,0,10.968494981379424,28.753385039540277,normal
14,0,0,0,27.824229571971134,37.46240838428885,normal
17,1,0,0,35.459665114992,22.10429062680156,normal
14,3,0,0,22.64428131421109,26.157673335176167,normal
9,2,0,0,9.038413620381366,35.94798852936456,normal
15,3,0,0,8.394996538092352,34.52884162887698,normal
14,1,0,0,10.590560415954627,29.882632738886556,normal
17,4,0,0,20.486627210714772,34.01390719823808,normal
15,0,0,0,18.627691914241204,37.29134116773106,normal
15,1,0,0,21.60480951651285,24.607825724872843,normal
15,0,0,0,27.97324113256031,21.415137002080613,normal
19,0,0,0,16.841021591143782,28.638772069084848,normal
14,2,0,0,22.23402603533747,45.51397442572406,normal
18,0,0,0,27.166361276137355,24.336674144419813,normal
8,1,0,0,33.971478739555906,20.73285443862624,normal
12,1,0,0,30.06305232867104,19.960592218692604,normal
9,1,0,0,14.699547898846554,30.125610662523012,normal
9,1,0,0,12.224645852867013,38.40788913865426,normal
11,0,0,0,32.92079843723733,40.9133377638863,normal
8,0,0,0,23.653430889424566,40.49197852733556,normal
16,1,0,1,20.204421042803904,33.58775108571561,normal
17,0,0,0,39.95172469756544,24.563070659176343,normal
13,2,0,1,26.106870779043923,48.37162390808618,normal
20,1,0,0,11.774691751384097,38.83672285622738,normal
13,2,0,0,22.22816648223345,27.960562314291984,normal
18,1,0,0,23.636661693671627,19.067567565275546,normal
16,1,0,0,28.51672754389414,38.58861358715517,normal
13,0,0,0,4.3101903818428955,18.171202292627754,normal
6,0,0,0,0.0,26.946059295268054,normal
17,2,0,0,0.0,32.669258173546545,normal
15,3,1,0,26.410830131636274,24.426092570211637,normal
18,1,0,0,28.711584550206474,29.108876525693216,normal
20,1,0,1,31.648256325834957,39.02199147564223,normal
23,0,0,0,8.98979726014141,37.43233780237675,normal
19,3,0,0,24.42657395456042,17.474416257310896,normal
10,0,0,0,23.824872033576163,39.668172603307,normal
13,0,0,0,12.060141249211728,18.761685841060903,normal
12,1,0,0,33.24875350528802,18.765395190457916,normal
12,2,0,0,32.77218673856568,37.29937014311246,normal
9,2,1,0,37.83774721888607,36.00623423532762,normal
14,0,0,0,15.641522779864905,45.66536862175651,normal
8,1,0,0,14.510567497757954,24.282866601454046,normal
9,1,0,0,19.778882122035537,38.24728288195426,normal
11,0,0,0,18.366726332994077,28.87408494300753,normal
18,1,0,0,13.141988807359503,54.702087422103126,normal
15,0,0,0,18.220033055844425,31.70086664879421,normal
18,0,0,0,26.979816707007302,28.365288717732,normal
7,0,0,0,15.883982972620178,30.77979205156823,normal
7,3,0,0,29.607500005418594,25.212876515673262,normal
13,0,0,0,22.80093455940193,41.96903699420915,normal
15,0,0,0,0.0,34.18985392755338,normal
13,1,0,0,18.921102868000695,42.24671337892869,normal
18,1,0,0,18.705642494535,25.722172016366287,normal
15,1,0,0,34.902022195942905,25.77316086974742,normal
20,0,0,0,27.213525808333376,26.098114402039652,normal
18,3,0,0,23.063588093356387,25.594047495780075,normal
5,1,0,0,28.781642740380043,18.312751410361106,normal
18,1,0,0,35.09566087034639,22.66521060876816,normal
16,2,0,0,0.0,21.191082506374592,normal
8,0,0,0,41.71756065561989,38.704548442353165,normal
13,1,0,0,3.5188778781016268,16.159477627526417,normal
7,0,0,0,16.80706642969392,29.86827301551837,normal
12,0,0,0,17.568390154563563,22.875914532798728,normal
17,3,0,0,18.43950743390094,25.396178678902785,normal
18,0,0,0,14.353948079235412,27.81685412549247,normal
16,1,0,0,27.594352094272175,22.018642245371783,normal
13,0,0,0,9.481747889346995,15.716469102396367,normal
19,0,0,0,13.473435375353954,38.60888882993588,normal
15,3,0,0,27.229683665649898,18.501392266974584,normal
17,1,0,0,25.720987877381,23.50279658120603,normal
12,2,0,0,19.488926899686838,33.33187956977304,normal
9,2,0,0,20.672897893312946,41.63450713908858,normal
8,3,0,0,23.40552241770832,35.83931634295416,normal
12,1,0,0,21.587123075774798,23.581508874861676,normal
8,0,0,0,23.11888973499603,28.80124538533497,normal
18,1,0,0,26.779173261789982,40.337393607852434,normal
6,1,0,0,23.147477064557524,22.699556918342864,normal
10,1,0,0,10.902637554525544,38.79830178239245,normal
13,0,0,0,21.269204893161646,40.72640345363166,normal
14,2,0,0,36.54962812044508,22.29060567150952,normal
14,0,0,0,24.25310616700515,40.742662793907265,normal
14,1,0,0,29.703409383133046,25.047885429992327,normal
15,1,0,0,26.89194285999807,57.34831288792373,normal
15,0,0,0,10.754660708255628,41.71793786080883,normal
14,0,0,0,17.485856630014815,35.755632865862374,normal
17,0,0,1,8.879830560647594,19.148821436054604,normal
15,0,0,0,28.31037509415045,41.65440489399282,normal
13,1,0,0,35.11420095456066,37.28628639424239,normal
14,0,0,0,30.2285850989156,37.84565082621843,normal
10,2,0,0,19.736593051964473,15.45872896311718,normal
15,1,0,0,20.966820292387073,26.15329728472163,normal
14,0,0,0,25.14993323794787,21.5590112143014,normal
12,0,0,0,22.077171326938494,18.309655153762638,normal
14,1,0,0,22.239386995660542,27.521887623430022,normal
21,1,0,0,6.578251301302338,14.005832660027357,normal
15,1,0,0,8.142654244958399,38.93056830798493,normal
15,0,0,0,23.23399685197959,17.362563976735192,normal
18,3,0,0,13.259144844485778,27.91505341139293,normal
11,0,0,0,23.821880300511722,50.28779220130062,normal
15,5,0,0,6.394569590299135,17.095990247224822,normal
13,1,0,0,22.386149939644497,20.17991450198181,normal
11,2,1,0,32.10638781070504,26.87018497017375,normal
12,2,0,0,19.03624054743024,39.108950199049424,normal
16,0,0,0,11.085964183357968,20.186709017559334,normal
13,0,0,1,25.021661110322864,31.875933333566525,normal
14,0,0,0,7.44288245083062,36.09046057140159,normal
19,1,0,0,33.600232785366416,22.989781833761242,normal
17,4,0,0,20.807171428294016,18.65469931197892,normal
15,1,0,0,34.038085412790686,16.52525012053037,normal
7,0,0,0,13.045329426209502,41.98172422095397,normal
15,1,0,0,27.674505996015057,30.517391874940408,normal
13,0,0,0,11.281514540372413,20.96445720234621,normal
6,1,0,0,7.867756380545432,19.49439739320598,normal
14,0,0,0,0.0,28.432413093087764,normal
22,0,0,0,20.100875089172686,15.282379314359039,normal
18,2,0,0,28.41868736017209,26.921103024383928,normal
8,0,0,0,11.677629087606231,32.46592142588797,normal
11,0,0,0,30.85240803042842,32.31405567302524,normal
8,0,0,0,32.898099436181525,34.84951895219942,normal
14,2,0,0,16.836214198358427,42.969680755063635,normal
8,0,0,0,14.118320853610715,23.17084976641236,normal
10,1,0,0,21.176638014102725,28.398791088010086,normal
16,0,0,0,16.140914729604244,24.921940614601066,normal
9,1,0,0,32.14742024414198,39.39764895762156,normal
21,0,0,0,14.203963417962708,28.891984937560775,normal
14,2,0,0,21.167087191828777,36.32359234032302,normal
11,2,0,0,0.0,41.80814468694483,normal
8,2,0,0,25.762866349823092,27.546817403599643,normal
12,2,0,0,17.034883906102753,20.402895222002275,normal
14,1,0,0,22.950871004286963,24.69991704443793,normal
19,0,0,0,5.019492764648614,43.41820814994278,normal
13,2,0,0,17.193004843961024,18.531752491842703,normal
10,2,0,0,10.48832624393147,38.8605306363946,normal
7,0,0,0,38.18169062700714,29.230877606838202,normal
11,2,0,0,12.14575675481806,29.26109209473924,normal
14,0,0,0,27.88173401370518,27.222563000457182,normal
13,1,0,0,32.428445960189094,28.38420817364389,normal
11,1,0,1,27.426572314000317,35.863248236160516,normal
16,2,0,0,4.459738282963706,37.296334064003304,normal
22,0,0,0,11.42506174308625,32.27847196724899,normal
16,1,0,0,17.764238144445013,33.645475387332574,normal
16,0,0,0,11.307657031140936,34.67342007396775,normal
3,2,1,0,19.838128336651504,28.346171760561,normal
18,2,0,0,11.620861732287954,18.37413432090894,normal
13,2,1,1,11.963453250611417,34.41515874328178,normal
15,1,0,0,31.819910375415983,24.43855187009767,normal
8,1,0,0,20.567988233292773,38.615597701448316,normal
17,1,0,0,12.444634621805742,24.281011552022658,normal
12,0,0,0,18.571174173805428,35.54264309419742,normal
19,2,0,0,15.39186918821763,37.03424161091017,normal
13,4,0,0,16.794199384661464,27.81471318932545,normal
8,1,0,0,19.6519449779817,37.261191044816215,normal
11,1,0,0,29.073934912690618,38.4570548241933,normal
13,1,0,0,11.39242114289237,23.71901717342397,normal
17,6,0,0,19.54571674982386,27.35633397418913,normal
13,4,0,0,14.496193089688987,26.978311445141124,normal
16,0,0,0,11.801045616585943,41.3011420293013,normal
10,2,0,0,12.128415117151139,48.08572772801744,normal
12,1,0,0,11.856831947828795,19.81554382213327,normal
14,1,0,0,20.3277962809772,21.988005826390083,normal
9,1,0,0,38.320001751277026,30.59168939789519,normal
12,0,0,0,14.881336495034535,33.93302086654957,normal
17,1,0,0,14.75789024109423,50.745276060693826,normal
13,2,1,0,4.041029586318231,39.99036116745162,normal
19,1,0,0,11.31145568094037,25.594658252448912,normal
18,0,0,0,17.464088769621444,37.86562271487263,normal
14,1,0,0,35.29883404957342,34.80381598339666,normal
14,0,0,0,5.726289948736056,34.44506867123462,normal
16,1,0,0,7.779164471546164,45.91125390857465,normal
7,1,0,0,16.37573953250276,20.64998603105198,normal
14,1,0,0,12.29436393835729,20.900156336031372,normal
7,0,0,0,20.738918227902086,23.39303807791722,normal
12,3,0,1,20.180355631888517,16.87851831221478,normal
10,1,0,0,28.04724087898568,26.249240852801442,normal
9,1,0,0,28.745622124269964,34.99722106420206,normal
14,0,0,0,3.8961127286445887,28.88844276784349,normal
16,1,0,0,4.6483891844419585,33.87519976749085,normal
13,2,0,0,39.53901825560368,21.062290738720144,normal
15,0,0,1,24.090296282764747,25.37550552945144,normal
8,1,0,0,21.314501523874554,16.04541239624522,normal
10,1,0,0,44.14234027406452,31.312394017827575,normal
17,0,0,0,17.22300681100481,22.76095258037886,normal
8,1,0,1,13.69964873516664,22.24564712640296,normal
7,0,0,0,20.137622603431765,33.48639899450542,normal
12,1,0,1,0.0,21.755387121561004,normal
16,3,0,0,23.666724838214694,30.793104634767477,normal
15,0,0,0,23.535270878503354,42.91892891593539,normal
15,3,0,0,23.489857546584837,42.632309199420234,normal
16,1,0,0,23.208945696974887,19.80052817526802,normal
8,1,0,0,23.390638048631413,50.829339101731094,normal
15,1,0,0,23.43425333179081,52.679826304795995,normal
15,1,0,0,26.72948598070353,21.84993911617579,normal
12,0,0,0,3.798418450550507,27.230806798543803,normal
12,3,0,1,15.928405003278101,30.246286587044168,normal
12,1,0,0,3.588349472381097,33.09694072080086,normal
13,1,0,0,43.71974891429965,27.038819930657322,normal
13,1,0,0,19.863262795364918,26.374757018342624,normal
14,0,0,0,10.740741967775687,29.714584119997873,normal
9,1,0,0,20.811208570486485,36.861136441763314,normal
18,1,0,0,0.0,45.22138227927931,normal
23,0,0,0,15.50767068104905,43.385360484920206,normal
8,1,0,0,31.677134299734004,13.877763154368278,normal
14,6,0,0,36.56332947701219,25.595078210763358,normal
8,1,0,0,33.44908170062163,36.50507635973201,normal
7,1,0,0,25.59585588671387,35.599500505083356,normal
12,1,0,0,16.466679675813094,34.653743198705776,normal
12,1,0,0,9.917152877684206,27.28433787644527,normal
11,0,0,0,28.069662951547333,39.581117023932805,normal
19,0,0,0,9.802692258653206,14.327892764602774,normal
21,0,0,0,12.855715219035153,51.84918093830957,normal
13,0,0,0,31.08930777298237,32.25660313544237,normal
8,0,0,0,18.745143638206358,31.951887000705952,normal
7,0,0,0,34.70854874021133,32.62585579286547,normal
20,1,0,0,8.063309426917638,42.90026249896599,normal
8,0,0,0,23.856985754829882,35.144812939324986,normal
19,2,1,0,14.51855671067684,30.432297027134297,normal
10,2,0,0,24.181949067822078,36.9496726294406,normal
13,0,0,0,18.90560119645001,31.421350381532488,normal
9,2,0,0,26.222316936317327,29.040881972983946,normal
13,2,0,0,2.5602951088114843,32.74777229322038,normal
15,1,0,0,30.10263777138876,40.26057436714103,normal
21,0,0,0,19.555503955674137,14.377922662654605,normal
21,1,0,0,19.92095529756447,41.682521161974854,normal
16,0,0,0,10.225525845140607,19.33446063626114,normal
12,1,0,0,18.350590745619332,20.544703404601364,normal
10,4,0,0,22.347797056685817,25.95758945388111,normal
21,1,0,0,26.920064550730274,30.10520992393304,normal
14,1,0,0,5.46533474334964,34.041425984555346,normal
9,0,1,0,14.71189557480799,37.730517407347065,normal
8,2,0,0,20.09693743807197,36.23839974300576,normal
15,0,0,0,15.83847622049244,34.04255185282998,normal
23,1,0,0,10.103252325559438,41.84175694410723,normal
18,1,1,0,22.43184514131547,35.8433774179525,normal
9,1,0,0,10.835047223978032,40.12531714288371,normal
11,1,0,0,26.495401902088897,30.666406238357716,normal
10,2,0,0,17.72285765455008,20.9482167736414,normal
10,0,0,0,30.54461032302991,23.669618747561284,normal
11,0,0,0,28.93608487860525,41.6338913086719,normal
17,0,0,0,29.466378255530508,19.08917263545329,normal
19,2,0,0,15.558167628465588,36.31908112500319,normal
9,2,0,0,30.65092110470814,27.802115835693282,normal
14,0,0,0,10.789640591540179,40.100888693463446,normal
14,0,0,1,22.772384777831174,32.945302689271976,normal
20,0,0,0,10.934024938723933,23.90122886666813,normal
11,2,0,0,15.501058772332202,34.02261821669922,normal
19,0,0,0,19.430909105543815,35.471114156887005,normal
14,1,1,1,36.894341585643005,19.325952579373027,normal
11,1,0,0,27.13157789565481,31.81035096432625,normal
10,1,0,0,5.797785772973203,27.17078720893072,normal
17,0,0,0,33.5077474499405,15.388344021587459,normal
21,0,0,0,26.763429198895402,15.20214801700063,normal
17,2,0,0,3.081462855236193,33.27418864271594,normal
16,3,0,0,16.24562994608377,28.62792804019771,normal
12,0,0,0,42.58859104478063,24.771362491634477,normal
15,1,0,0,22.341586729635214,32.594112208647175,normal
14,0,0,0,28.141213440860625,37.936300046262325,normal
9,0,0,0,25.625649993590702,44.70317451419377,normal
10,0,0,0,31.57982992961772,24.51524378120925,normal
8,1,0,0,8.49732864985453,13.79011874501218,normal
19,2,0,0,19.06523560477005,23.67482061601613,normal
9,0,0,0,21.840453383750415,23.93008631806419,normal
21,1,0,0,39.61335954355532,39.950626605214985,normal
4,0,0,0,4.820521372010745,28.173427894843204,normal
17,1,0,0,33.755233998238104,34.84167536204962,normal
12,1,0,0,1.9389099585822294,27.22673197052904,normal
7,1,0,1,14.501387838887423,39.34252014469236,normal
13,0,0,0,0.0,32.71571346010516,normal
14,1,1,0,35.05542537826831,40.26419082545361,normal
16,1,0,0,28.653995718499306,17.74114511291875,normal
14,2,0,0,27.385571919107342,30.862301037799465,normal
15,2,0,0,13.376426751412808,32.633871745447735,normal
10,0,0,0,31.97066340791639,40.7414071974555,normal
19,1,0,1,14.518419106261529,20.829999157994173,normal
17,0,0,0,0.36221206442460385,31.71272184037852,normal
12,1,0,0,44.849130368758324,31.316362027721034,normal
10,1,0,1,18.11250439607258,31.813594127328166,normal
14,1,0,0,26.55549776810721,27.12877800762749,normal
13,1,0,1,32.82973471850971,16.46403465649262,normal
6,0,0,0,12.086018293978182,37.291167448898996,normal
19,2,0,0,25.877334115063015,35.97925635387553,normal
22,0,0,0,24.692126487751153,32.5371030758533,normal
22,0,0,0,8.781797238031947,53.25156353568744,normal
19,3,0,0,23.186407348667856,30.68248110290272,normal
15,1,0,0,11.150398247280599,11.56664600502129,normal
15,0,0,1,8.103371221163354,33.87236540075223,normal
14,1,0,0,11.887225885643213,29.630699993970563,normal
18,1,0,0,7.904751295431186,48.41603712708316,normal
8,2,0,0,17.929144330056445,24.969845634324344,normal
16,4,0,1,13.860221997282096,50.8038211053282,normal
12,0,0,0,15.620176295981146,15.921761062109073,normal
15,1,0,0,12.856936644311741,22.316207910220722,normal
18,1,0,0,8.424646042007222,31.501384099187295,normal
13,0,0,0,28.202798497111715,29.514187543672165,normal
15,0,1,0,13.866108141770777,42.403286694548896,normal
12,1,0,0,20.919066777253455,33.52017826963738,normal
14,0,0,0,25.25849179676257,26.212200558688977,normal
9,0,0,0,22.990986088587444,24.15042853184116,normal
23,2,0,0,49.30698917588583,38.50910189936211,normal
14,1,0,0,26.297482052899277,44.00030149939531,normal
13,2,0,0,13.151812787018594,38.811798890675234,normal
17,2,0,0,8.59896896786256,20.99839518879077,normal
13,1,0,0,14.253188003857348,27.65152104417454,normal
16,0,0,0,25.656455451369673,35.689599807485244,normal
11,0,0,0,2.9304810180009824,34.56321519545112,normal
15,1,0,0,19.45529726085745,25.50317228638702,normal
14,0,0,0,0.3055412125356476,31.47034424178482,normal
15,1,0,0,21.90011177705601,31.47813752667062,normal
11,1,0,0,18.345228700347793,21.03747434279717,normal
13,2,0,0,19.80128720063671,42.54400944131274,normal
16,0,0,0,30.29793174574582,33.53077893757348,normal
10,0,0,0,17.915522675136014,44.20196455078808,normal
10,1,0,0,17.75368324607732,42.937169218506,normal
20,3,0,0,23.180269712715436,28.733144654406672,normal
14,0,0,0,33.13793839833341,36.728594286575536,normal
11,0,0,0,19.34745400848279,47.184198626701935,normal
15,0,0,0,18.163835980190008,13.818839080996998,normal
11,0,0,0,14.928097412899326,21.379755314437766,normal
17,0,0,0,13.51405130660016,34.089487087487306,normal
22,0,0,0,12.513244004368097,26.480399391647587,normal
13,1,1,0,22.15493259704185,41.11194724468567,normal
3,0,0,0,17.210951836237477,26.340311544251527,normal
16,2,1,0,25.03061497963468,32.807654625228494,normal
17,1,0,0,11.033718968295865,34.753289649437896,normal
16,0,0,0,17.766987990826653,20.891299741828067,normal
13,1,0,0,26.94248898688835,37.232970227327,normal
9,2,0,0,22.205709969019367,30.370906276656232,normal
8,1,0,0,0.0,21.460499053471175,normal
10,0,0,0,33.32454958497588,26.188881395602237,normal
14,1,0,0,16.377913177692957,50.00178484232305,normal
13,1,0,0,17.367963060891146,34.70124745488561,normal
15,1,0,0,27.94709690008622,30.2745209290637,normal
17,1,0,0,9.598157809580501,24.95846381624844,normal
17,1,1,0,18.10728731609564,35.55085668142987,normal
22,1,0,0,32.97039915632783,33.20824851311846,normal
8,1,0,0,14.79207233369429,33.615575168710784,normal
11,0,0,0,31.176353997918387,21.158973984194503,normal
14,1,0,1,23.565261790512125,26.763043103637425,normal
22,0,0,0,24.37799437408013,20.43560721614901,normal
21,0,0,0,22.204507616485408,41.62208378885009,normal
15,1,0,0,15.836274984663657,34.72368917659835,normal
11,0,0,0,24.418915548460173,23.91383945491305,normal
13,1,0,0,19.99982185665137,29.524155379599346,normal
11,2,0,1,30.407924895511876,46.28874695462952,normal
7,1,0,0,36.63775133004039,30.60564802343212,normal
5,2,0,0,18.122573533463516,29.215271451843076,normal
10,0,0,0,4.421629767808312,43.80906771562422,normal
23,0,0,0,35.35424672533419,40.44489610515318,normal
13,0,0,0,44.79239255375953,34.6506004460413,normal
10,1,1,0,13.90546778874894,30.361874376032425,normal
12,4,0,0,0.9679373164231535,24.69624229775988,normal
15,1,0,0,9.412451530484445,26.817742213399804,normal
14,2,0,1,12.205326462357563,29.089682375960905,normal
14,0,0,0,32.134053435597274,33.54480216496639,normal
15,1,0,0,11.270936425883287,27.606762496788164,normal
17,1,0,0,32.644916904164106,46.825392138881426,normal
15,1,0,0,10.231242390796197,30.252594640085466,normal
9,0,0,0,41.53838113929753,28.269211989771964,normal
14,0,0,0,23.858105368527056,26.80894522202895,normal
17,1,0,0,27.274223532196498,51.57658439900577,normal
17,0,0,0,38.463423886577516,32.03486922203028,normal
13,2,0,0,9.433080841745385,37.44475361545697,normal
10,2,0,0,15.543772353774672,26.064188726174972,normal
13,0,0,0,40.938453830169635,24.501379025183592,normal
15,1,0,0,26.657602202659405,16.693931707371497,normal
10,0,0,0,29.396980591165878,33.04426778445772,normal
17,1,0,0,16.641733905816977,19.587503402380207,normal
18,2,0,0,21.221989702637213,41.31139326265556,normal
18,1,0,0,7.853907947195129,25.026093441842768,normal
19,3,0,0,10.86972288062553,37.46933471681486,normal
6,0,0,0,18.8184974896401,19.927697065012286,normal
11,2,0,0,19.56549545029028,29.215029493365794,normal
14,2,0,0,13.175736389726731,27.36824314066511,normal
16,2,0,0,42.856026470894996,32.18339588356996,normal
19,1,0,0,37.89749150960183,24.266720327323796,normal
12,0,0,0,25.466109564933085,39.37127083171245,normal
21,0,0,0,4.929186354470714,28.573184255288822,normal
13,1,1,0,13.40206628611455,31.733444124421265,normal
12,0,0,0,7.929616544770717,47.46504029766591,normal
15,1,0,0,31.233882727127416,33.230760880471195,normal
15,0,0,0,21.408664692823688,23.488546714544572,normal
18,4,0,0,13.506459578884796,30.518217251586385,normal
9,1,0,0,20.345354974725765,34.54191642359432,normal
19,0,0,0,26.27764994947249,23.976143747222444,normal
13,0,0,0,32.136160660280474,18.877375246424762,normal
11,0,0,0,18.754480774850215,26.281289239056985,normal
12,1,0,0,28.29221813766318,28.486045454361125,normal
23,0,0,0,13.10632585431896,15.474497215565089,normal
17,2,0,0,14.83314808990111,26.322584903045392,normal
13,2,0,0,32.06599979713245,21.583960773867688,normal
13,0,0,0,15.266264149937932,37.5077316097949,normal
11,2,0,0,21.290708264463785,28.247233870530387,normal
12,2,0,0,23.718145931490923,22.00204352017466,normal
9,0,0,0,9.521959332260606,15.288537173768692,normal
13,1,0,0,18.690762083563605,41.678925494598126,normal
16,2,0,0,18.85113756935065,28.54272070023338,normal
11,2,0,0,25.881372702366093,25.715523147399708,normal
16,0,0,1,5.567394686748999,29.684378407731693,normal
7,0,0,0,0.0,29.316940383941358,normal
11,1,0,0,21.742167821942385,36.817045375555345,normal
9,2,0,0,19.370868410804736,32.02214403182694,normal
21,0,0,0,1.8271244403352824,19.009094049467702,normal
13,0,0,0,38.291938473126905,29.660666415174184,normal
14,0,0,0,16.731093964223025,14.195345932959883,normal
15,1,0,0,29.00004418787341,27.118607456850544,normal
11,0,0,0,21.69970092805583,35.175286703195,normal
17,1,0,0,11.557501668196968,29.474389646885065,normal
20,0,0,0,34.44705665805851,18.709660732898136,normal
13,0,0,0,28.53173812899434,25.730005703230265,normal
12,3,0,0,12.776123784968995,38.13116827063544,normal
11,0,0,0,11.398848240498316,38.48414098853638,normal
14,2,0,1,27.935655511497593,31.984211638568453,normal
13,3,0,0,21.06717702765387,46.71605668056286,normal
12,3,0,0,9.023190344760119,36.12419204073403,normal
10,2,0,0,0.9919478272782065,28.6816519741935,normal
23,0,0,0,25.14002397008088,22.950065700335756,normal
20,1,0,1,17.08974598396388,25.145302888902524,normal
10,1,0,0,25.934596848610543,26.05750693870325,normal
18,0,0,0,19.483074053112162,12.797016231918835,normal
8,0,0,0,24.40457265873564,35.95252560875093,normal
16,0,0,0,23.49955734267225,32.165439954615266,normal
8,1,0,0,33.90801494246585,39.36995926286396,normal
6,1,0,0,20.05740231042634,32.90099204899531,normal
7,1,0,0,15.532284008773168,22.502531205690627,normal
17,0,0,0,17.608471624503565,20.344451157695033,normal
8,0,0,0,15.981865029503108,23.130513824794612,normal
16,0,0,0,10.115328400973375,26.72326719200819,normal
14,3,0,0,9.136718460390195,34.15175110829892,normal
22,1,0,0,38.90492134812026,19.038259778131696,normal
16,1,0,0,28.110335594241107,38.26886364286402,normal
14,1,0,0,8.039005226523471,20.405422010061944,normal
10,0,0,0,7.9686781983248896,28.08134390497992,normal
10,0,0,1,6.326677731582739,31.453312985375316,normal
5,2,0,0,30.88814463205785,42.46252361039007,normal
17,1,0,0,23.837853118368383,24.497609634296847,normal
19,3,0,0,28.083631764324544,42.995016490658166,normal
16,3,0,0,11.825567165670263,31.90311569581198,normal
11,0,0,0,21.74224302960785,13.335747351464068,normal
17,0,0,1,7.329374075610495,24.94264001740946,normal
15,0,0,0,9.594141574862004,23.06261677206473,normal
17,1,0,0,11.526523938236938,20.478097877245986,normal
19,0,0,0,35.28743831604491,40.25043289329252,normal
12,0,0,0,26.4045685361532,26.36597353089137,normal
10,0,0,0,19.66505701899793,18.910783659020876,normal
7,2,0,0,18.438054403483864,42.87673785222985,normal
18,1,0,0,13.484859175687834,41.5899552422864,normal
4,2,0,0,31.191494110710444,40.573833449310015,normal
23,1,0,0,8.154319516275137,27.686180051740475,normal
13,2,0,0,7.933369206110152,21.936307017124072,normal
15,0,0,0,7.784011419449149,30.20888179305563,normal
12,0,0,0,11.991135238485095,23.95137507617698,normal
14,0,0,0,23.975688572126526,24.32799948735838,normal
16,2,0,0,2.324802951708179,33.88779170187529,normal
11,1,0,0,9.105878762521604,14.957684667754753,normal
15,1,0,0,22.37116694269847,44.00475770306524,normal
7,1,0,0,12.584594855725545,21.108135964816555,normal
13,1,0,0,39.30423074471024,38.02592608138353,normal
20,1,0,0,22.702975525534544,25.459219521632853,normal
18,0,0,0,35.56344823311112,22.129326498532947,normal
14,0,0,0,24.35819129145799,30.24907964628513,normal
16,0,0,0,26.299584007013088,22.620317807212153,normal
16,0,0,0,31.77830821730728,25.971425653624284,normal
14,1,0,0,15.891625179278837,39.01585823027857,normal
14,2,0,1,9.571760106037903,22.891057993781406,normal
8,2,0,1,9.251230865274023,37.300440256129335,normal
12,2,0,0,9.461761433320014,34.726921149960155,normal
15,2,0,0,16.21641217256812,32.56984382557897,normal
14,1,0,0,27.247417916240728,15.616590668967108,normal
19,0,0,1,29.507641077892192,32.67251305476615,normal
6,0,0,0,17.37329590988024,26.44032868300227,normal
11,0,0,0,18.072028818124643,26.35134389884943,normal
15,2,0,0,23.415642272883833,33.060401250984214,normal
11,0,0,0,20.355381709764128,41.75241613700899,normal
20,0,1,1,25.790401140342354,21.06926053004571,normal
14,1,0,0,23.547676460319483,26.217851177897302,normal
13,0,0,0,5.387837136372527,29.190067804102235,normal
20,0,0,0,25.899277902778678,35.292922660638084,normal
16,0,0,0,4.987854626306763,23.26882885176745,normal
17,1,0,1,8.097535779138935,33.26578661597397,normal
14,1,0,0,25.263353348296246,35.87918912873468,normal
13,0,0,0,5.8478752801335645,25.700476504665225,normal
11,2,0,0,23.97943632446591,37.29906972112373,normal
17,0,0,0,35.105180548272486,38.53637808477068,normal
18,1,0,0,15.30335766621731,25.022769957770272,normal
14,0,0,0,28.261189521942363,41.69454372542758,normal
16,3,0,0,30.64883032976642,36.54671963450999,normal
13,3,0,0,21.806879722757138,43.86913499046757,normal
12,0,0,0,19.29704352974046,26.957295238933384,normal
15,1,0,0,21.325494055626,30.38432149725689,normal
12,2,0,1,17.441477297500303,24.08724592040158,normal
7,1,0,0,20.670095975354197,29.267777540220234,normal
12,2,0,0,18.224517096866656,31.477465123349468,normal
9,1,0,0,15.048112436331868,38.72961940176917,normal
9,1,0,0,20.036692035402066,36.900436712768595,normal
8,2,0,0,14.546504751354588,28.47988614155417,normal
20,2,0,0,27.38898600703787,21.47521666740942,normal
11,1,0,0,27.822334005131893,39.79217873259407,normal
15,1,1,0,22.793664094212886,24.114622133977043,normal
5,0,0,1,8.97248588778158,37.043024084773336,normal
14,3,0,0,28.17910659078182,35.7981052207064,normal
16,1,0,1,7.325529113781318,27.898095360135265,normal
12,1,0,0,23.942196455676427,31.405815253380595,normal
18,0,0,0,3.774482506369246,16.44295090275564,normal
10,0,0,0,10.281083482265558,32.342985552315874,normal
7,0,0,0,28.532818887232693,18.11806804708013,normal
22,1,1,0,26.29755737046263,40.21098462547253,normal
12,1,0,0,22.974563734090605,34.316615847686535,normal
19,0,0,0,17.59648602217957,26.172185542181865,normal
11,2,0,0,12.766323171793704,33.95264616516605,normal
10,0,0,0,16.589474232405912,35.612561777540435,normal
10,1,0,0,12.317827473194772,35.989071057458325,normal
11,2,0,0,20.527794282502605,41.049896792178025,normal
22,2,0,0,15.524272242320876,31.621244494888767,normal
11,1,1,0,1.5460004190196912,40.49827744421148,normal
20,1,0,0,17.765468069791634,43.9372305489339,normal
12,2,0,0,26.741910903385197,25.176864987166585,normal
7,0,0,0,13.948778994701367,33.690114867802734,normal
17,1,0,1,11.216344155276214,19.11787285311609,normal
11,3,0,0,13.618773913474852,35.84643665885321,normal
12,1,0,1,17.061823546202355,24.194289814309492,normal
19,4,0,1,27.83764746419779,29.756305096781897,normal
17,0,0,0,15.495437805844615,37.258999162262505,normal
16,1,0,0,8.184411835927655,28.14508609294518,normal
17,1,1,0,11.634676872848214,24.725791594881013,normal
15,1,0,0,4.216803663634689,20.42818391906731,normal
17,2,0,0,25.75928107162417,24.245429243193016,normal
16,4,0,0,32.61895652630568,13.391640483446732,normal
16,0,0,0,4.275210295543205,26.168104294148165,normal
13,0,0,0,36.92422212633284,26.434653865920772,normal
8,0,0,0,18.685845490488486,27.10071837163042,normal
11,0,0,0,0.0,23.564892675350478,normal
12,3,0,0,23.98888441950926,27.097737208674445,normal
14,1,0,0,33.58952939577281,26.50689405584899,normal
10,4,0,0,11.984928889717203,30.542902307175517,normal
13,0,0,0,7.666732763009206,40.090293875574574,normal
11,0,0,0,36.190342282391455,27.147587665554425,normal
13,1,0,0,15.43039640271284,33.21774915418402,normal
12,1,0,0,32.39698988490481,15.0413482467409,normal
11,0,0,0,12.63536061472148,38.38697236372644,normal
15,2,0,0,0.2114952402558643,28.299577761759366,normal
11,1,0,0,30.251089810571962,39.30057408431997,normal
19,1,1,0,55.520552126681515,39.4058615018811,normal
16,2,0,0,13.165987418031735,43.22253923440126,normal
8,3,0,0,15.501409053863128,39.56214971731118,normal
7,1,1,0,10.68345586676501,26.129807929004095,normal
14,1,0,0,30.303036352933493,30.409820875850126,normal
11,2,0,0,9.454445570866119,48.63828999174439,normal
15,0,0,0,27.86670511998843,16.042403716640628,normal
13,2,0,0,12.487564070460417,27.037975351693213,normal
9,3,0,0,15.15564408356386,17.12427028786076,normal
10,0,0,0,9.362238138141741,29.065173022183686,normal
11,1,0,0,2.346659937222796,42.72616654438907,normal
13,2,0,0,17.55228573952287,34.04582560677083,normal
16,0,0,0,18.010035564932885,18.563050906550593,normal
14,3,0,0,26.64999030012205,37.46856572860041,normal
11,1,0,0,21.698800100935898,25.28021663290229,normal
8,1,0,0,13.1928481935777,40.81860340813556,normal
16,0,0,0,0.0,39.64846833212571,normal
10,2,0,0,14.38327764129972,32.5036112970973,normal
14,1,0,0,24.5930905282636,29.363064541860595,normal
9,2,0,0,15.358879537237279,37.42923061532,normal
12,0,0,0,22.65268914499761,44.317447551794686,normal
22,2,0,0,10.59582957741088,16.524559361836545,normal
14,3,0,0,28.174343567320054,38.65149370324063,normal
13,1,1,0,27.19100677751502,30.96773005750755,normal
15,4,0,1,6.810931106757268,23.33858742161046,normal
9,0,0,0,10.89556772675402,35.596734223811,normal
20,1,0,0,36.994644322003424,35.10176031119288,normal
13,3,0,0,0.0,33.47837624566373,normal
14,2,0,0,19.51366460455834,26.948706552104355,normal
17,2,0,0,24.839539080058678,31.804864360452804,normal
3,14,1,1,8484.0,4.0,anomaly
1,12,1,1,4208.0,4.0,anomaly
2,11,1,1,8992.0,2.0,anomaly
2,14,1,1,8444.0,3.0,anomaly
3,13,1,1,5527.0,4.0,anomaly
1,14,1,1,8668.0,2.0,anomaly
1,10,1,1,4504.0,2.0,anomaly
3,13,1,1,8524.0,4.0,anomaly
1,8,1,1,3038.0,3.0,anomaly
2,14,1,1,4603.0,2.0,anomaly
3,9,1,1,8177.0,4.0,anomaly
3,11,1,1,3779.0,2.0,anomaly
1,13,1,1,4124.0,2.0,anomaly
2,14,1,1,4199.0,4.0,anomaly
3,13,1,1,4917.0,4.0,anomaly
3,10,1,1,3165.0,3.0,anomaly
3,9,1,1,5142.0,4.0,anomaly
2,9,1,1,7166.0,1.0,anomaly
3,14,1,1,7296.0,3.0,anomaly
3,13,1,1,8519.0,4.0,anomaly
2,13,1,1,6476.0,1.0,anomaly
2,10,1,1,5156.0,1.0,anomaly
2,12,1,1,3828.0,4.0,anomaly
3,12,1,1,4548.0,1.0,anomaly
1,14,1,1,8717.0,3.0,anomaly
1,9,1,1,3145.0,3.0,anomaly
1,13,1,1,3877.0,1.0,anomaly
3,13,1,1,4812.0,4.0,anomaly
1,9,1,1,5373.0,3.0,anomaly
1,10,1,1,4483.0,3.0,anomaly
3,10,1,1,4914.0,1.0,anomaly
2,11,1,1,4004.0,3.0,anomaly
2,8,1,1,4038.0,4.0,anomaly
2,9,1,1,4135.0,3.0,anomaly
3,10,1,1,7715.0,4.0,anomaly
2,12,1,1,4467.0,4.0,anomaly
2,11,1,1,7117.0,1.0,anomaly
2,9,1,1,7449.0,2.0,anomaly
3,8,1,1,5293.0,4.0,anomaly
2,8,1,1,8764.0,4.0,anomaly
2,9,1,1,6106.0,4.0,anomaly
1,11,1,1,3721.0,4.0,anomaly
1,13,1,1,6947.0,3.0,anomaly
3,12,1,1,8289.0,2.0,anomaly
2,8,1,1,6750.0,3.0,anomaly
2,12,1,1,8031.0,3.0,anomaly
2,11,1,1,4554.0,2.0,anomaly
3,14,1,1,6878.0,2.0,anomaly
1,14,1,1,5631.0,2.0,anomaly
3,11,1,1,8583.0,3.0,anomaly
